StartDate,EndDate,Status,IPAddress,Progress,Duration (in seconds),Finished,RecordedDate,ResponseId,RecipientLastName,RecipientFirstName,RecipientEmail,ExternalReference,LocationLatitude,LocationLongitude,DistributionChannel,UserLanguage,Q1,Q2,Q3,Q14,Q4,Q5,Q6_1,Q6_2,Q6_3,Q6_4,Q6_5,Q6_6,Q7,Q8_1,Q8_2,Q8_3,Q8_4,Q8_5,Q9,Q10_1,Q10_2,Q10_3,Q10_4,Q11,Q12_1,Q12_2,Q12_3,Q12_4,Q13_1,Q13_2,Q13_3
Start Date,End Date,Response Type,IP Address,Progress,Duration (in seconds),Finished,Recorded Date,Response ID,Recipient Last Name,Recipient First Name,Recipient Email,External Data Reference,Location Latitude,Location Longitude,Distribution Channel,User Language,Gender,Age,Race,Religion,Highest education attained,Job status,This section aims to find out what your personal views about homosexuality are - I feel that homosexuality is a natural occurence,This section aims to find out what your personal views about homosexuality are - My impression of my family will remain unchanged whether they are homosexual or not,"This section aims to find out what your personal views about homosexuality are - I disagree with current governmental policies towards LGBT rights? (e.g. non-recognition of same-sex couples, illegality of same-sex marriages) *Section 377A in our Penal Code also criminalises sexual intercourse between adult men, regardless of mutual consent. The penalty for this offence is a jail-term of up to 2 years.",This section aims to find out what your personal views about homosexuality are - I would attend events that support the acceptance of homosexuality (e.g. Pink Dot) if I have the spare time.,This section aims to find out what your personal views about homosexuality are - I feel that the existence of events that support the acceptance of homosexuality (e.g. Pink Dot) is a step forward for society.,This section aims to find out what your personal views about homosexuality are - My impression of my friends will remain unchanged whether they are homosexual or not,Any other views on homosexuality or related governmental policies?,This section aims to find out how you think Singaporeans feel about homosexuality - I think most Singaporeans believe that homosexuality is a natural occurrence (as opposed to a lifestyle choice or an abnormality).,This section aims to find out how you think Singaporeans feel about homosexuality - I think most Singaporeans agree with the current government policies towards homosexuality and homosexual couples.,This section aims to find out how you think Singaporeans feel about homosexuality - I think most Singaporeans will be accepting of their families’ or friends’ homosexual orientation.,This section aims to find out how you think Singaporeans feel about homosexuality - I think most Singaporeans will be willing to attend events in support of homosexuality (e.g. Pink Dot) if they have the time to do so.,This section aims to find out how you think Singaporeans feel about homosexuality - I think most Singaporeans believe that the existence of events such as Pink Dot are a step forward for society.,Any other comments regarding Singaporean's views on homosexuality or related governmental policies?,"This section aims to find out about your intention to post homosexual related content on Facebook - If I read anything which opposes my view on homosexuality, I am likely to post it on Facebook","This section aims to find out about your intention to post homosexual related content on Facebook - If I disagree with my friends’ facebook posts on homosexuality, I am likely to post my opinion about it on Facebook.","This section aims to find out about your intention to post homosexual related content on Facebook - If there are new government policies in future, I am likely to post my view on homosexuality regardless of what others think.",This section aims to find out about your intention to post homosexual related content on Facebook - I will not hesitate to post my views about homosexuality on Facebook if I think people would disagree with me.,Any other comments regarding your Facebook postings on homosexuality?,This section aims to find out your behaviour on Facebook - I have posted on Facebook about events which support homosexuality (E.g. Pink Dot),This section aims to find out your behaviour on Facebook - I have posted my views regarding homosexuality on Facebook,"This section aims to find out your behaviour on Facebook - I have shared links to news, commentaries, or events regarding homosexuality on Facebook","This section aims to find out your behaviour on Facebook - On average, how many times a week do you share links on Facebook (Never 0 times, rarely 1-2 times, sometimes 3-5 times, often 6-9 times, all the time 10 or more)",Peers - I am concerned about how my friends view me,Peers - My close friends and I tend to share similar opinions,Peers - It is easy for me to disagree openly with friends regarding certain issues
"{""ImportId"":""startDate"",""timeZone"":""Asia/Hong_Kong""}","{""ImportId"":""endDate"",""timeZone"":""Asia/Hong_Kong""}","{""ImportId"":""status""}","{""ImportId"":""ipAddress""}","{""ImportId"":""progress""}","{""ImportId"":""duration""}","{""ImportId"":""finished""}","{""ImportId"":""recordedDate"",""timeZone"":""Asia/Hong_Kong""}","{""ImportId"":""_recordId""}","{""ImportId"":""recipientLastName""}","{""ImportId"":""recipientFirstName""}","{""ImportId"":""recipientEmail""}","{""ImportId"":""externalDataReference""}","{""ImportId"":""locationLatitude""}","{""ImportId"":""locationLongitude""}","{""ImportId"":""distributionChannel""}","{""ImportId"":""userLanguage""}","{""ImportId"":""QID1""}","{""ImportId"":""QID2_TEXT""}","{""ImportId"":""QID3""}","{""ImportId"":""QID14""}","{""ImportId"":""QID4""}","{""ImportId"":""QID5""}","{""ImportId"":""QID6_1""}","{""ImportId"":""QID6_2""}","{""ImportId"":""QID6_3""}","{""ImportId"":""QID6_4""}","{""ImportId"":""QID6_5""}","{""ImportId"":""QID6_6""}","{""ImportId"":""QID7_TEXT""}","{""ImportId"":""QID8_1""}","{""ImportId"":""QID8_2""}","{""ImportId"":""QID8_3""}","{""ImportId"":""QID8_4""}","{""ImportId"":""QID8_5""}","{""ImportId"":""QID9_TEXT""}","{""ImportId"":""QID10_1""}","{""ImportId"":""QID10_2""}","{""ImportId"":""QID10_3""}","{""ImportId"":""QID10_4""}","{""ImportId"":""QID11_TEXT""}","{""ImportId"":""QID12_1""}","{""ImportId"":""QID12_2""}","{""ImportId"":""QID12_3""}","{""ImportId"":""QID12_4""}","{""ImportId"":""QID13_1""}","{""ImportId"":""QID13_2""}","{""ImportId"":""QID13_3""}"
2015-01-31 22:59:03,2015-01-31 23:01:40,IP Address,118.200.22.157,,156,True,2015-01-31 23:01:41,R_2SpkxKlHIKB6DZS,,,,,1.2931060791016,103.85580444336,,EN,Male,24,Chinese,None,A'levels,Not working,Somewhat agree,Disagree,Neutral,Disagree,Somewhat agree,Agree,,Disagree,Agree,Neutral,Neutral,Neutral,,Disagree,Disagree,Disagree,Disagree,,Never,Never,Never,Never,Somewhat Agree,Neither Agree nor Disagree,Agree
2015-01-31 23:01:35,2015-01-31 23:05:44,IP Address,203.117.37.35,,248,True,2015-01-31 23:05:45,R_9SR6Yx4FWK3z7fH,,,,,1.2931060791016,103.85580444336,,EN,Male,21,Others,Others,A'levels,Not working,Somewhat agree,Agree,Agree,Agree,Agree,Strongly agree,"Let's learn to accept that different people have different views on what and who they prefer, so it's only human to respect that. It's the least we could do - be human. ",Disagree,Somewhat agree,Disagree,Somewhat disagree,Somewhat disagree,"As stated earlier ",Neither Agree nor Disagree,Neither Agree nor Disagree,Somewhat Agree,Somewhat Agree,"Nope
",Rarely,Never,Rarely,Sometimes,Disagree,Agree,Agree
2015-01-31 23:08:02,2015-01-31 23:10:04,IP Address,121.7.31.213,,122,True,2015-01-31 23:10:04,R_0J1SOS7B2DfpWFD,,,,,1.2931060791016,103.85580444336,,,Female,21,Chinese,Buddhism,Degree,Not working,Agree,Agree,Neutral,Agree,Agree,Strongly agree,nil,Neutral,Neutral,Somewhat agree,Somewhat agree,Agree,nil,Somewhat Agree,Disagree,Neither Agree nor Disagree,Somewhat Disagree,nil,Sometimes,Never,Sometimes,Rarely,Agree,Agree,Agree
2015-01-31 23:12:26,2015-01-31 23:15:39,IP Address,119.74.67.251,,192,True,2015-01-31 23:15:40,R_3fucq9nmY3CnjI5,,,,,1.2931060791016,103.85580444336,,EN,Female,20,Chinese,Christianity,A'levels,Working (part-time),Strongly agree,Strongly agree,Neutral,Strongly agree,Strongly agree,Strongly agree,NIL,Agree,Somewhat agree,Neutral,Somewhat agree,Agree,NIL,Disagree,Disagree,Strongly Disagree,Disagree,NIL,Never,Never,Never,Sometimes,Agree,Strongly Agree,Agree
2015-01-31 23:19:16,2015-01-31 23:21:26,IP Address,116.88.51.211,,130,True,2015-01-31 23:21:26,R_b8bc5HtXaIzH1AN,,,,,1.2931060791016,103.85580444336,,,Female,21,Chinese,None,A'levels,Not working,Somewhat agree,Somewhat agree,Strongly agree,Agree,Agree,Agree,,Neutral,Disagree,Neutral,Agree,Agree,,Disagree,Disagree,Disagree,Disagree,,Never,Never,Never,Never,Agree,Agree,Neither Agree nor Disagree
2015-01-31 23:19:47,2015-01-31 23:22:19,IP Address,222.164.117.233,,152,True,2015-01-31 23:22:22,R_TeodqrlJdSb89rz,,,,,1.2931060791016,103.85580444336,,EN,Male,22,Chinese,Christianity,A'levels,Not working,Strongly agree,Strongly agree,Strongly agree,Strongly agree,Strongly agree,Strongly agree,if homosexuals could give birth to children the government will probably not be so hard on them #conspiracy,Strongly agree,Strongly agree,Strongly agree,Strongly agree,Strongly agree,if homosexuals could give birth to children the government will probably not be so hard on them #conspiracy,Agree,Agree,Agree,Agree,,Never,Often,Often,Sometimes,Neither Agree nor Disagree,Neither Agree nor Disagree,Neither Agree nor Disagree
2015-01-31 23:17:46,2015-01-31 23:22:44,IP Address,175.156.92.172,,297,True,2015-01-31 23:22:45,R_1jGNJiVTvAxmSD6,,,,,1.2931060791016,103.85580444336,,EN,Female,21,Chinese,None,A'levels,Not working,Neutral,Somewhat disagree,Somewhat disagree,Disagree,Neutral,Neutral,,Neutral,Somewhat agree,Neutral,Somewhat disagree,Somewhat agree,,Somewhat Disagree,Somewhat Disagree,Somewhat Disagree,Somewhat Disagree,,Never,Never,Never,Never,Somewhat Agree,Somewhat Agree,Somewhat Agree
2015-01-31 23:20:29,2015-01-31 23:23:10,IP Address,202.166.13.239,,160,True,2015-01-31 23:23:11,R_1lmAsKmGl730UOT,,,,,1.2931060791016,103.85580444336,,EN,Female,21,Chinese,Christianity,A'levels,Not working,Strongly agree,Agree,Strongly agree,Somewhat agree,Agree,Agree,,Somewhat agree,Neutral,Agree,Somewhat agree,Agree,,Somewhat Agree,Strongly Agree,Somewhat Agree,Agree,,Sometimes,Rarely,Sometimes,Never,Strongly Agree,Agree,Somewhat Agree
2015-01-31 23:23:07,2015-01-31 23:25:27,IP Address,202.166.79.83,,140,True,2015-01-31 23:25:28,R_Us6hZcvjcMk4TUR,,,,,1.2931060791016,103.85580444336,,EN,Male,25,Chinese,Buddhism,Degree,Working (full-time),Strongly agree,Strongly agree,Somewhat disagree,Disagree,Somewhat agree,Strongly agree,,Somewhat agree,Somewhat agree,Disagree,Disagree,Neutral,,Strongly Disagree,Strongly Disagree,Strongly Disagree,Strongly Disagree,,Never,Never,Never,Never,Agree,Agree,Strongly Agree
2015-01-31 23:27:24,2015-01-31 23:28:31,IP Address,42.60.174.22,,66,True,2015-01-31 23:28:32,R_1JFNBibQj9IhxIG,,,,,1.2931060791016,103.85580444336,,EN,Female,22,Chinese,Buddhism,Diploma,Not working,Strongly agree,Strongly agree,Strongly agree,Strongly agree,Strongly agree,Strongly agree,,Strongly disagree,Strongly disagree,Strongly disagree,Strongly disagree,Strongly disagree,,Agree,Somewhat Agree,Somewhat Agree,Somewhat Agree,,All of the Time,All of the Time,Sometimes,Often,Strongly Disagree,Somewhat Agree,Agree
2015-01-31 23:26:46,2015-01-31 23:28:49,IP Address,116.15.220.46,,123,True,2015-01-31 23:28:50,R_2s6nXPFZwog6arj,,,,,1.2931060791016,103.85580444336,,EN,Female,21,Chinese,Buddhism,Degree,Not working,Somewhat agree,Somewhat agree,Neutral,Somewhat agree,Somewhat agree,Somewhat agree,nil,Somewhat disagree,Somewhat disagree,Somewhat disagree,Somewhat disagree,Neutral,nil,Disagree,Disagree,Disagree,Disagree,nil,Never,Never,Never,Never,Agree,Neither Agree nor Disagree,Agree
2015-01-31 23:23:37,2015-01-31 23:28:51,IP Address,180.255.248.159,,314,True,2015-01-31 23:28:53,R_3jZkQC2sQVDgOpc,,,,,1.2931060791016,103.85580444336,,EN,Male,23,Chinese,Buddhism,A'levels,Not working,Somewhat disagree,Strongly disagree,Strongly disagree,Strongly disagree,Neutral,Strongly disagree,,Strongly disagree,Strongly disagree,Strongly disagree,Strongly disagree,Strongly disagree,,Strongly Disagree,Strongly Disagree,Strongly Disagree,Strongly Disagree,,Never,Never,Never,Sometimes,Somewhat Agree,Neither Agree nor Disagree,Somewhat Agree
2015-01-31 23:23:41,2015-01-31 23:29:45,IP Address,175.156.105.213,,364,True,2015-01-31 23:29:45,R_bsam2c6s9FMliex,,,,,1.2931060791016,103.85580444336,,,Female,20,Chinese,Others,A'levels,Not working,Agree,Strongly agree,Somewhat disagree,Neutral,Somewhat agree,Strongly agree,No,Somewhat agree,Somewhat disagree,Agree,Somewhat disagree,Somewhat agree,No,Disagree,Disagree,Disagree,Disagree,No,Never,Never,Never,Sometimes,Agree,Agree,Somewhat Agree
2015-01-31 23:27:27,2015-01-31 23:31:07,IP Address,59.189.51.138,,219,True,2015-01-31 23:31:10,R_oZ6aQZAaMcFSkiR,,,,,1.2931060791016,103.85580444336,,EN,Female,21,Others,Buddhism,A'levels,Not working,Agree,Agree,Neutral,Neutral,Somewhat agree,Agree,"Let society become more receptive towards it naturally ",Somewhat agree,Neutral,Somewhat agree,Neutral,Agree,,Disagree,Strongly Disagree,Disagree,Disagree,,Never,Never,Never,Rarely,Strongly Agree,Agree,Somewhat Agree
2015-01-31 23:26:37,2015-01-31 23:31:56,IP Address,119.74.201.108,,319,True,2015-01-31 23:31:59,R_22tWnlv0UiUV8Xa,,,,,1.2931060791016,103.85580444336,,EN,Male,24,Chinese,Buddhism,A'levels,Working (full-time),Agree,Somewhat agree,Agree,Agree,Agree,Somewhat agree,Im gay!,Agree,Neutral,Agree,Agree,Agree,,Disagree,Disagree,Somewhat Agree,Somewhat Disagree,,Never,Never,Never,Never,Agree,Neither Agree nor Disagree,Agree
2015-01-31 23:29:30,2015-01-31 23:33:31,IP Address,138.75.190.194,,240,True,2015-01-31 23:33:34,R_tGTLIleAKAHvt0l,,,,,1.2931060791016,103.85580444336,,EN,Female,19,Chinese,Christianity,A'levels,Not working,Disagree,Somewhat disagree,Somewhat disagree,Disagree,Somewhat disagree,Neutral,Nil,Agree,Somewhat agree,Somewhat disagree,Somewhat agree,Somewhat agree,Nil,Strongly Disagree,Disagree,Strongly Disagree,Strongly Disagree,Nil,Never,Never,Never,Rarely,Agree,Somewhat Agree,Neither Agree nor Disagree
2015-01-31 23:31:16,2015-01-31 23:35:23,IP Address,137.222.114.240,,247,True,2015-01-31 23:35:25,R_2EB2AHoRdc7trG8,,,,,51.449996948242,-2.5832977294922,,EN,Female,21,Chinese,Christianity,A'levels,Not working,Somewhat agree,Agree,Somewhat agree,Somewhat disagree,Agree,Agree,Government should accept and address the society's change of attitude towards homosexuals,Somewhat agree,Somewhat disagree,Somewhat agree,Somewhat disagree,Agree,,Disagree,Disagree,Disagree,Disagree,,Never,Never,Never,Never,Somewhat Agree,Somewhat Agree,Agree
2015-01-31 23:40:00,2015-01-31 23:42:25,IP Address,175.156.173.48,,145,True,2015-01-31 23:42:26,R_WkhqdMbCnEVAROx,,,,,1.2931060791016,103.85580444336,,EN,Female,21,Chinese,Christianity,A'levels,Working (part-time),Strongly disagree,Somewhat disagree,Strongly disagree,Strongly disagree,Strongly disagree,Somewhat agree,,Disagree,Somewhat agree,Disagree,Somewhat disagree,Somewhat disagree,,Strongly Disagree,Strongly Disagree,Strongly Disagree,Strongly Disagree,,Never,Never,Never,Sometimes,Strongly Agree,Agree,Agree
2015-01-31 23:40:51,2015-01-31 23:43:34,IP Address,103.252.200.16,,162,True,2015-01-31 23:43:35,R_3HHLFujrHqxutat,,,,,1.2931060791016,103.85580444336,,EN,Male,21,Chinese,Christianity,A'levels,Not working,Agree,Agree,Agree,Agree,Agree,Agree,,Disagree,Somewhat agree,Somewhat disagree,Neutral,Neutral,,Somewhat Disagree,Somewhat Disagree,Somewhat Disagree,Somewhat Disagree,,Rarely,Rarely,Rarely,Rarely,Somewhat Agree,Somewhat Agree,Somewhat Agree
2015-01-31 23:42:26,2015-01-31 23:45:05,IP Address,202.166.70.89,,159,True,2015-01-31 23:45:06,R_3p53fIKQHuwPEWi,,,,,1.2931060791016,103.85580444336,,EN,Male,20,Chinese,Christianity,A'levels,Working (full-time),Neutral,Neutral,Somewhat disagree,Somewhat disagree,Somewhat agree,Strongly agree,,Somewhat agree,Neutral,Somewhat disagree,Somewhat disagree,Neutral,,Disagree,Disagree,Disagree,Disagree,,Never,Never,Never,Rarely,Somewhat Disagree,Agree,Agree
2015-01-31 23:41:08,2015-01-31 23:47:23,IP Address,137.132.228.5,,374,True,2015-01-31 23:47:24,R_2aRWs8W7gZgaBEN,,,,,1.2931060791016,103.85580444336,,EN,Female,22,Others,None,A'levels,Not working,Somewhat agree,Neutral,Somewhat agree,Somewhat agree,Somewhat agree,Somewhat agree,,Neutral,Somewhat agree,Neutral,Somewhat agree,Somewhat agree,,Disagree,Disagree,Somewhat Disagree,Disagree,Normally I do not engage in Facebook discussion.,Never,Never,Rarely,Rarely,Somewhat Disagree,Neither Agree nor Disagree,Somewhat Agree
2015-01-31 23:48:50,2015-01-31 23:53:44,IP Address,116.14.152.72,,294,True,2015-01-31 23:53:44,R_4JzZpoXzGPIFagB,,,,,1.2931060791016,103.85580444336,,,Female,20,Chinese,Buddhism,A'levels,Working (part-time),Somewhat agree,Somewhat disagree,Neutral,Neutral,Somewhat agree,Somewhat agree,no,Somewhat disagree,Somewhat agree,Somewhat agree,Somewhat agree,Somewhat agree,no,Disagree,Disagree,Agree,Disagree,no,Never,Never,Never,Never,Neither Agree nor Disagree,Somewhat Agree,Somewhat Agree
2015-01-31 23:50:06,2015-01-31 23:54:17,IP Address,203.117.37.212,,250,True,2015-01-31 23:54:18,R_2ztKw9owrTxaAql,,,,,1.2931060791016,103.85580444336,,EN,Male,20,Chinese,None,A'levels,Working (part-time),Somewhat disagree,Neutral,Agree,Somewhat agree,Somewhat disagree,Agree,,Agree,Agree,Strongly disagree,Neutral,Strongly disagree,,Somewhat Agree,Strongly Disagree,Agree,Somewhat Agree,,Never,Sometimes,Sometimes,Often,Strongly Agree,Somewhat Agree,Agree
2015-01-31 23:53:24,2015-01-31 23:56:00,IP Address,220.255.101.81,,156,True,2015-01-31 23:56:01,R_bPzjO3G1WHN5q9z,,,,,1.2931060791016,103.85580444336,,EN,Male,25,Chinese,None,A'levels,Working (part-time),Neutral,Agree,Somewhat agree,Neutral,Agree,Agree,,Neutral,Neutral,Somewhat disagree,Neutral,Somewhat agree,,Neither Agree nor Disagree,Somewhat Agree,Disagree,Disagree,,Never,Never,Never,Rarely,Agree,Agree,Strongly Agree
2015-01-31 23:56:50,2015-01-31 23:59:53,IP Address,14.100.132.173,,183,True,2015-01-31 23:59:54,R_2U6m24KJMtFpdsv,,,,,1.2931060791016,103.85580444336,,EN,Female,21,Chinese,None,A'levels,Not working,Strongly agree,Strongly agree,Strongly disagree,Agree,Agree,Strongly agree,,Somewhat disagree,Somewhat disagree,Neutral,Somewhat disagree,Neutral,,Somewhat Agree,Neither Agree nor Disagree,Somewhat Agree,Somewhat Agree,,Sometimes,Rarely,Sometimes,Rarely,Somewhat Agree,Strongly Agree,Agree
2015-01-31 23:56:21,2015-02-01 00:00:11,IP Address,119.74.208.159,,229,True,2015-02-01 00:00:12,R_1IcU8oLkulANZoJ,,,,,1.2931060791016,103.85580444336,,EN,Male,24,Chinese,Others,A'levels,Not working,Strongly disagree,Disagree,Agree,Strongly disagree,Somewhat disagree,Somewhat disagree,,Disagree,Disagree,Somewhat agree,Agree,Agree,,Strongly Disagree,Strongly Disagree,Strongly Disagree,Strongly Disagree,,Never,Never,Rarely,Never,Disagree,Agree,Agree
2015-01-31 23:56:27,2015-02-01 00:01:19,IP Address,119.74.48.13,,292,True,2015-02-01 00:01:22,R_10oQiD2UGXrxPX6,,,,,1.2931060791016,103.85580444336,,EN,Male,25,Chinese,Buddhism,Degree,Working (full-time),Somewhat agree,Agree,Agree,Agree,Agree,Agree,Nil,Disagree,Disagree,Disagree,Disagree,Disagree,Nil,Disagree,Disagree,Disagree,Disagree,Nil,Sometimes,Rarely,Rarely,Sometimes,Agree,Agree,Agree
2015-02-01 00:08:23,2015-02-01 00:14:55,IP Address,202.166.76.43,,392,True,2015-02-01 00:14:56,R_10Pp9daBuB4a8eE,,,,,1.2931060791016,103.85580444336,,EN,Female,22,Chinese,None,A'levels,Not working,Somewhat agree,Neutral,Agree,Neutral,Agree,Neutral,,Somewhat disagree,Somewhat agree,Somewhat disagree,Neutral,Neutral,,Somewhat Agree,Somewhat Agree,Somewhat Agree,Agree,,Rarely,Rarely,Rarely,Sometimes,Somewhat Agree,Somewhat Agree,Somewhat Agree
2015-02-01 00:12:19,2015-02-01 00:15:07,IP Address,118.200.66.219,,167,True,2015-02-01 00:15:08,R_2wBJW41UTNzRvCJ,,,,,1.2931060791016,103.85580444336,,EN,Male,19,Chinese,Buddhism,A'levels,Not working,Strongly agree,Strongly agree,Somewhat agree,Agree,Neutral,Strongly agree,,Disagree,Agree,Somewhat disagree,Disagree,Neutral,,Somewhat Disagree,Disagree,Neither Agree nor Disagree,Disagree,,Rarely,Never,Never,Never,Agree,Somewhat Agree,Agree
2015-02-01 00:15:51,2015-02-01 00:19:31,IP Address,116.15.154.181,,220,True,2015-02-01 00:19:33,R_25Mi0awv3aojQYU,,,,,1.2931060791016,103.85580444336,,EN,Male,23,Chinese,Christianity,A'levels,Not working,Neutral,Disagree,Strongly disagree,Strongly disagree,Strongly disagree,Disagree,,Neutral,Somewhat agree,Somewhat disagree,Strongly disagree,Strongly disagree,,Strongly Disagree,Strongly Disagree,Strongly Disagree,Strongly Disagree,,Never,Never,Never,Never,Somewhat Agree,Neither Agree nor Disagree,Neither Agree nor Disagree
2015-02-01 00:19:36,2015-02-01 00:21:45,IP Address,101.127.21.146,,129,True,2015-02-01 00:21:47,R_2b1NFhvS7gb1UvO,,,,,1.2931060791016,103.85580444336,,EN,Female,22,Chinese,Christianity,A'levels,Not working,Strongly disagree,Somewhat disagree,Neutral,Disagree,Somewhat disagree,Somewhat agree,NIL.,Disagree,Somewhat agree,Agree,Somewhat agree,Agree,NIL,Somewhat Agree,Strongly Disagree,Disagree,Agree,NIL,Never,Rarely,Rarely,All of the Time,Somewhat Disagree,Agree,Agree
2015-02-01 00:19:13,2015-02-01 00:23:03,IP Address,180.255.248.67,,229,True,2015-02-01 00:23:04,R_2w5oTM4MBXv18jE,,,,,1.2931060791016,103.85580444336,,EN,Female,22,Indian,Hinduism,Degree,Working (full-time),Strongly agree,Strongly agree,Strongly agree,Strongly agree,Strongly agree,Strongly agree,,Neutral,Neutral,Somewhat agree,Somewhat agree,Somewhat agree,,Somewhat Agree,Agree,Agree,Agree,,Sometimes,Sometimes,Often,Sometimes,Somewhat Agree,Neither Agree nor Disagree,Somewhat Agree
2015-02-01 00:13:59,2015-02-01 00:25:43,IP Address,118.200.99.32,,703,True,2015-02-01 00:25:44,R_3ezuhFrs0OtP1qw,,,,,1.2931060791016,103.85580444336,,EN,Female,21,Chinese,Christianity,A'levels,Not working,Disagree,Disagree,Somewhat disagree,Strongly disagree,Disagree,Disagree,"I'm not sure what you mean by ""my impression of my family/friends"". Of course if I find out that my friend is homosexual, my concept of my friend's identity will change because sexuality is a huge part of someone's life, so of course if I find out that this huge part of his/her life is different from what I previously believed, my impression will change. What will NOT change, however, is my regard and respect for them, or my acceptance of them as human beings, or my attitude towards them. If that's what you meant by ""impression"" then I may not have answered accurately.",Disagree,Somewhat disagree,Somewhat disagree,Disagree,Somewhat disagree,,Disagree,Strongly Disagree,Somewhat Disagree,Somewhat Agree,"For the first part, it really depends what the article is about. If it is a Christian's view of how to approach the subject of homosexuality then I will probably post something because it might be helpful to my Christian friends. If it's a non-Christian advocating for the rightness of homosexuality then I honestly won't bother posting, because expressing my disagreement won't be helpful to anyone.",Never,Rarely,Never,Rarely,Agree,Agree,Agree
2015-02-01 00:25:15,2015-02-01 00:27:21,IP Address,137.132.242.73,,126,True,2015-02-01 00:27:22,R_20Pay3WcBGlUOxq,,,,,1.2931060791016,103.85580444336,,EN,Male,23,Chinese,Christianity,A'levels,Not working,Strongly agree,Agree,Strongly agree,Agree,Strongly agree,Strongly agree,,Somewhat disagree,Agree,Somewhat disagree,Somewhat disagree,Neutral,,Strongly Disagree,Strongly Disagree,Strongly Disagree,Strongly Disagree,,Never,Never,Never,Rarely,Somewhat Agree,Agree,Somewhat Agree
2015-02-01 00:29:37,2015-02-01 00:32:20,IP Address,121.6.222.64,,162,True,2015-02-01 00:32:21,R_20O0jKc6og4ASFL,,,,,1.2931060791016,103.85580444336,,EN,Female,21,Chinese,None,A'levels,Not working,Neutral,Somewhat disagree,Strongly agree,Strongly agree,Strongly agree,Agree,,Disagree,Disagree,Somewhat agree,Agree,Agree,,Neither Agree nor Disagree,Neither Agree nor Disagree,Neither Agree nor Disagree,Neither Agree nor Disagree,,Rarely,Never,Never,Never,Agree,Neither Agree nor Disagree,Neither Agree nor Disagree
2015-02-01 00:32:33,2015-02-01 00:37:33,IP Address,116.88.161.190,,299,True,2015-02-01 00:37:34,R_1dHrswcD12ROtWY,,,,,1.2931060791016,103.85580444336,,EN,Female,23,Chinese,Buddhism,A'levels,Not working,Agree,Strongly agree,Strongly agree,Somewhat agree,Agree,Strongly agree,"Also related is the inherent idea of a family refers to 1 make 1 female with children neglecting all other equally valid family units (single parent, homosexual etc.)",Neutral,Somewhat agree,Neutral,Neutral,Neutral,"Many singaporeans believe in the 'ideal' family unit ",Somewhat Disagree,Somewhat Agree,Agree,Agree,,Rarely,Sometimes,Sometimes,Sometimes,Somewhat Agree,Agree,Strongly Agree
2015-02-01 00:36:28,2015-02-01 00:38:59,IP Address,202.166.8.151,,150,True,2015-02-01 00:39:00,R_3P5J7AwkkfBetMX,,,,,1.2931060791016,103.85580444336,,EN,Female,21,Chinese,None,Diploma,Not working,Strongly agree,Strongly agree,Strongly agree,Strongly agree,Strongly agree,Strongly agree,,Disagree,Agree,Strongly disagree,Disagree,Disagree,,Disagree,Disagree,Disagree,Disagree,,Never,Never,Never,Never,Strongly Disagree,Neither Agree nor Disagree,Agree
2015-02-01 00:38:28,2015-02-01 00:42:35,IP Address,137.132.217.250,,246,True,2015-02-01 00:42:36,R_1E68ZMAjR6cgKtn,,,,,1.2931060791016,103.85580444336,,EN,Male,21,Chinese,Christianity,A'levels,Working (part-time),Somewhat agree,Neutral,Agree,Disagree,Neutral,Neutral,,Neutral,Neutral,Somewhat disagree,Disagree,Disagree,,Disagree,Disagree,Disagree,Disagree,I dont usually post my opinions on facebook,Never,Never,Never,Rarely,Somewhat Agree,Agree,Neither Agree nor Disagree
2015-02-01 00:37:49,2015-02-01 00:44:16,IP Address,115.66.183.4,,387,True,2015-02-01 00:44:18,R_1oImI4zgTmZjTBb,,,,,1.2931060791016,103.85580444336,,EN,Female,22,Chinese,None,Degree,Working (full-time),Agree,Neutral,Agree,Agree,Agree,Somewhat agree,"I don't personally think my view of a person will completely remain unchanged if I found out suddenly they were homosexual? I would try my best to accept it, but in some ways there will definitely be a change. (Albeit not necessarily negatively)",Neutral,Agree,Neutral,Neutral,Neutral,,Neither Agree nor Disagree,Neither Agree nor Disagree,Neither Agree nor Disagree,Somewhat Disagree,"Since its a sensitive topic and I personally have not been very exposed to it (i.e.:having no friends that have come out of the closet and etc) - I don't feel particularly strongly over the topic, which affects the likelihood that I would make a strong statement about my views.",Rarely,Rarely,Rarely,Rarely,Somewhat Agree,Neither Agree nor Disagree,Somewhat Agree
2015-02-01 00:51:53,2015-02-01 00:54:59,IP Address,137.132.255.97,,186,True,2015-02-01 00:55:01,R_2aQwpDVNr1VzlbJ,,,,,1.2931060791016,103.85580444336,,EN,Female,23,Chinese,Christianity,A'levels,Not working,Disagree,Agree,Somewhat disagree,Somewhat disagree,Agree,Agree,,Disagree,Somewhat disagree,Somewhat agree,Disagree,Somewhat agree,,Disagree,Disagree,Disagree,Disagree,,Never,Never,Rarely,Rarely,Somewhat Disagree,Agree,Agree
2015-02-01 00:52:36,2015-02-01 00:56:44,IP Address,175.156.20.175,,248,True,2015-02-01 00:56:45,R_1opNUJQDSBvCYA3,,,,,1.2931060791016,103.85580444336,,EN,Female,22,Chinese,None,O'levels,Working (part-time),Agree,Somewhat agree,Agree,Neutral,Strongly agree,Strongly agree,,Somewhat agree,Somewhat disagree,Somewhat agree,Disagree,Somewhat agree,,Disagree,Somewhat Agree,Somewhat Agree,Agree,,Rarely,Sometimes,Never,Rarely,Somewhat Agree,Agree,Agree
2015-02-01 00:59:09,2015-02-01 01:02:55,IP Address,118.200.98.110,,226,True,2015-02-01 01:02:56,R_2fIg0koArWT5zO8,,,,,1.2931060791016,103.85580444336,,EN,Female,22,Chinese,None,Degree,Working (part-time),Agree,Strongly agree,Strongly agree,Strongly agree,Strongly agree,Strongly agree,,Disagree,Strongly agree,Neutral,Neutral,Neutral,,Neither Agree nor Disagree,Somewhat Disagree,Somewhat Disagree,Agree,,Sometimes,Sometimes,Never,Rarely,Neither Agree nor Disagree,Neither Agree nor Disagree,Neither Agree nor Disagree
2015-02-01 00:56:44,2015-02-01 01:10:10,IP Address,42.60.202.141,,805,True,2015-02-01 01:10:12,R_2e4ovPeFcdgMxMC,,,,,1.2931060791016,103.85580444336,,EN,Male,23,Chinese,Others,A'levels,Not working,Agree,Agree,Disagree,Neutral,Somewhat agree,Agree,,Somewhat agree,Somewhat disagree,Somewhat disagree,Neutral,Somewhat agree,Most are accepting of it but do not wish for it to happen in their family.,Neither Agree nor Disagree,Neither Agree nor Disagree,Somewhat Agree,Somewhat Agree,,Never,Sometimes,Rarely,Sometimes,Agree,Neither Agree nor Disagree,Somewhat Agree
2015-02-01 01:12:35,2015-02-01 01:14:28,IP Address,115.66.58.207,,112,True,2015-02-01 01:14:28,R_zd57yM8PTMfF1dL,,,,,1.2931060791016,103.85580444336,,EN,Male,22,Chinese,None,Diploma,Not working,Strongly agree,Strongly agree,Strongly agree,Strongly agree,Strongly agree,Strongly agree,,Disagree,Disagree,Neutral,Strongly disagree,Somewhat disagree,,Strongly Agree,Strongly Agree,Strongly Agree,Strongly Agree,,Sometimes,Often,Sometimes,Rarely,Strongly Disagree,Agree,Strongly Agree
2015-02-01 01:37:47,2015-02-01 01:41:42,IP Address,93.152.176.106,,235,True,2015-02-01 01:41:43,R_30nPKH3J4XBuTb7,,,,,42.683303833008,23.316696166992,,EN,Male,22,Chinese,Christianity,A'levels,Working (part-time),Somewhat agree,Somewhat agree,Neutral,Neutral,Neutral,Somewhat agree,"Generally highly ambivalent towards it, given personal religious convictions vs moral convictions (which unfortunately clash)",Neutral,Agree,Somewhat agree,Neutral,Somewhat agree,"I guess it really depends on the segment of Singaporeans one surveys. The people I know tend to be pro-LGBT-acceptance, but that's also because they come from a certain demographic that prizes individuality above a pre-defined societal ""norm""",Disagree,Disagree,Disagree,Disagree,"I just don't. For/against, it's hard to post when I myself have not yet decided where I stand.",Rarely,Rarely,Sometimes,Rarely,Somewhat Disagree,Neither Agree nor Disagree,Neither Agree nor Disagree
2015-02-01 00:30:56,2015-02-01 01:50:47,IP Address,27.125.154.112,,4790,True,2015-02-01 01:50:49,R_3kddwfPNg55CCnJ,,,,,1.2931060791016,103.85580444336,,EN,Female,21,Chinese,Christianity,A'levels,Not working,Strongly disagree,Somewhat disagree,Strongly disagree,Strongly disagree,Strongly disagree,Agree,"1. Abolishing the law regarding criminalising sexual intercourse between adult men is a slippery slope to many other potential problems that we do not know, and accepting the act of sexual intercourse between man itself has a lot a psychological implications to society.

2. With regards to events that support the acceptance of homosexuality, I sincerely wonder if organising such events would be a step forward for society or actually a step backward. If you had a child, would you want him or her to grow up in a society that teaches him/her to think that the sexual act between 2 men as natural? And risk that possibility that your child/teenager, whose logic centres of the brain are not fully developed, to be nurtured by their flurry of hormonal activity and environment into thinking - in the worse case scenario that they might by bisexual or homosexual? This is only an example, but this is particularly important in terms of social reasoning, planning, problem solving and understanding, during their growing up years, and it stresses the point in which that homosexuality is still a very deeply discussed issue whether it is nurture or nature. I would rather take the effort to educate my child that ostracising another, be it homosexual or heterosexual, is wrong. Ultimately the question that we should be asking is ""What is love and acceptance?"". What would you say if I told you behind the touching story about how 2 men who found love with each and but broke the hearts of their parents? The underlying issues are numerous, and most of the time we only hear the good parts of the story and draw our conclusions.",Somewhat disagree,Neutral,Somewhat disagree,Neutral,Neutral,,Strongly Disagree,Strongly Disagree,Somewhat Agree,Somewhat Agree,,Never,Rarely,Rarely,Rarely,Disagree,Agree,Agree
2015-02-01 05:36:43,2015-02-01 05:41:46,IP Address,129.31.243.118,,302,True,2015-02-01 05:41:47,R_2c8hJL7kWGWwe4K,,,,,51.514205932617,-0.093093872070312,,EN,Female,19,Chinese,None,A'levels,Not working,Somewhat agree,Agree,Agree,Somewhat disagree,Somewhat agree,Agree,,Somewhat disagree,Neutral,Somewhat disagree,Somewhat disagree,Somewhat agree,,Strongly Disagree,Strongly Disagree,Strongly Disagree,Strongly Disagree,,Never,Never,Never,Never,Disagree,Somewhat Disagree,Agree
2015-02-01 07:11:13,2015-02-01 07:17:22,IP Address,116.88.162.121,,368,True,2015-02-01 07:17:24,R_29cf2dXn7o7cOpN,,,,,1.2931060791016,103.85580444336,,EN,Female,21,Chinese,None,A'levels,Not working,Strongly agree,Strongly agree,Strongly agree,Strongly agree,Strongly agree,Strongly agree,LGBT marriages should be legalised in Singapore,Disagree,Somewhat agree,Somewhat disagree,Neutral,Neutral,"Not all Singaporeans are accepting of homosexuality, especially the older generation who are more conservative",Strongly Disagree,Strongly Disagree,Strongly Agree,Strongly Disagree,"I feel that it is not my place to judge other people's opinions or to impose my opinions onto others, so I am not likely to post my views on homosexuality on Facebook but if there are news article of changes in law, I would definitely share it, though only giving a neutral comment about it",Never,Never,Never,Never,Somewhat Disagree,Disagree,Somewhat Agree
2015-02-01 09:22:05,2015-02-01 09:24:01,IP Address,5.150.203.69,,115,True,2015-02-01 09:24:03,R_2xEtD7SmAuq2Esv,,,,,57.100006103516,12.25,,EN,Female,21,Chinese,Buddhism,Degree,Not working,Agree,Agree,Agree,Agree,Agree,Agree,,Somewhat disagree,Neutral,Somewhat agree,Somewhat disagree,Somewhat agree,,Neither Agree nor Disagree,Somewhat Agree,Neither Agree nor Disagree,Neither Agree nor Disagree,,Sometimes,Sometimes,Sometimes,Rarely,Somewhat Agree,Agree,Agree
2015-02-01 09:40:38,2015-02-01 09:42:50,IP Address,180.255.18.35,,132,True,2015-02-01 09:42:52,R_DoZDuXcnbn7MHy9,,,,,1.2931060791016,103.85580444336,,EN,Male,23,Chinese,Christianity,A'levels,Not working,Somewhat agree,Somewhat agree,Agree,Neutral,Somewhat agree,Somewhat agree,,Neutral,Neutral,Neutral,Neutral,Neutral,,Strongly Disagree,Strongly Disagree,Strongly Disagree,Strongly Disagree,,Never,Never,Never,Sometimes,Neither Agree nor Disagree,Somewhat Agree,Somewhat Disagree
2015-02-01 10:04:36,2015-02-01 10:06:17,IP Address,121.7.102.96,,100,True,2015-02-01 10:06:18,R_3g5Y80tmrvZNZTY,,,,,1.2931060791016,103.85580444336,,EN,Male,23,Malay,Islam,A'levels,Not working,Agree,Strongly agree,Strongly agree,Strongly agree,Strongly agree,Strongly agree,,Somewhat agree,Somewhat agree,Neutral,Neutral,Somewhat agree,,Agree,Agree,Agree,Agree,,Often,Often,Often,Often,Agree,Agree,Agree
2015-02-01 10:16:27,2015-02-01 10:20:54,IP Address,116.87.34.30,,266,True,2015-02-01 10:20:55,R_1cYcziHTEUcYkxc,,,,,1.2931060791016,103.85580444336,,EN,Female,22,Indian,Christianity,A'levels,Working (part-time),Somewhat agree,Disagree,Somewhat agree,Agree,Agree,Agree,,Disagree,Somewhat agree,Somewhat disagree,Neutral,Somewhat disagree,,Strongly Disagree,Strongly Disagree,Strongly Disagree,Strongly Disagree,,Rarely,Never,Never,Never,Strongly Agree,Somewhat Agree,Agree
2015-02-01 10:26:57,2015-02-01 10:36:34,IP Address,122.11.209.93,,577,True,2015-02-01 10:36:35,R_XyXfklUyGBMzUzv,,,,,1.2931060791016,103.85580444336,,EN,Female,22,Others,None,A'levels,Not working,Strongly agree,Strongly agree,Strongly agree,Strongly agree,Strongly agree,Strongly agree,,Neutral,Neutral,Neutral,Somewhat agree,Somewhat agree,"I think there's a split between what the older and younger generation think about this. It could just be the circle of friends I have but it seems the younger generation is way more accepting. ",Disagree,Disagree,Disagree,Strongly Agree,"My hesitance to post my views about homosexuality on Facebook has, I feel, little to do with this specific topic. I simply don't ever post on Facebook. ",Never,Never,Never,Rarely,Somewhat Agree,Somewhat Disagree,Agree
2015-02-01 11:12:41,2015-02-01 11:27:51,IP Address,115.66.182.97,,910,True,2015-02-01 11:27:52,R_1HePYINBno23nyJ,,,,,1.2931060791016,103.85580444336,,EN,Male,24,Chinese,None,A'levels,Not working,Somewhat agree,Strongly agree,Strongly agree,Somewhat agree,Strongly agree,Strongly agree,"
",Somewhat disagree,Neutral,Somewhat agree,Somewhat agree,Strongly agree,"Some people treat homosexuality as a bandwagon they can hop on and off within a few years, akin to a phase. I feel that these people are giving the wrong impressions to the general public (especially youths) of what being gay really means. Let's face it, to change the recognition of homosexuals in Singapore, the youths are the main group that will be able to exert influence in the future. If the youths just treat homosexuality as an ""experiment"" then the government in turn wont even treat it seriously.
",Strongly Disagree,Strongly Disagree,Strongly Agree,Strongly Disagree,"Facebook is a cancerous platform to share views. ",Never,Never,Never,Rarely,Neither Agree nor Disagree,Somewhat Agree,Strongly Agree
2015-02-01 11:52:30,2015-02-01 11:57:53,IP Address,14.100.132.226,,323,True,2015-02-01 11:57:56,R_3oHOGu34dbwQNX9,,,,,1.2931060791016,103.85580444336,,EN,Female,18,Chinese,None,A'levels,Not working,Agree,Strongly agree,Strongly agree,Somewhat agree,Agree,Strongly agree,There's nothing wrong with homosexuality.,Somewhat disagree,Neutral,Disagree,Somewhat agree,Neutral,Seems like the older generation are the ones more against himosexuality than the younger generation.,Strongly Disagree,Strongly Disagree,Strongly Disagree,Strongly Disagree,Nil,Never,Never,Never,Rarely,Disagree,Somewhat Agree,Somewhat Agree
2015-02-01 12:14:35,2015-02-01 12:16:13,IP Address,101.127.8.187,,98,True,2015-02-01 12:16:15,R_1mr8eFvhKa5blUm,,,,,1.2931060791016,103.85580444336,,EN,Female,22,Chinese,Christianity,A'levels,Not working,Agree,Agree,Agree,Somewhat disagree,Somewhat agree,Agree,Nil,Somewhat disagree,Disagree,Somewhat disagree,Somewhat disagree,Somewhat disagree,NIl,Disagree,Disagree,Disagree,Disagree,Nil,Never,Never,Never,Never,Agree,Somewhat Agree,Agree
2015-02-01 12:14:58,2015-02-01 12:18:22,IP Address,14.100.135.120,,204,True,2015-02-01 12:18:24,R_3rVCtdnlZ0ps3m3,,,,,1.2931060791016,103.85580444336,,EN,Female,20,Chinese,Christianity,A'levels,Working (part-time),Agree,Agree,Strongly agree,Strongly agree,Strongly agree,Strongly agree,-,Agree,Disagree,Strongly agree,Strongly agree,Agree,-,Somewhat Disagree,Somewhat Disagree,Disagree,Disagree,-,Never,Never,Rarely,Rarely,Disagree,Somewhat Disagree,Agree
2015-02-01 12:24:18,2015-02-01 12:26:16,IP Address,218.212.3.54,,118,True,2015-02-01 12:26:17,R_8dezP0OsM8HGEy5,,,,,1.2931060791016,103.85580444336,,EN,Female,21,Chinese,Christianity,A'levels,Working (part-time),Disagree,Agree,Neutral,Agree,Neutral,Agree,-,Disagree,Somewhat disagree,Agree,Agree,Agree,-,Disagree,Disagree,Disagree,Disagree,-,Never,Never,Sometimes,Never,Neither Agree nor Disagree,Neither Agree nor Disagree,Agree
2015-02-01 12:22:57,2015-02-01 12:28:17,IP Address,137.132.17.45,,319,True,2015-02-01 12:28:18,R_2zwj2xfjsq0WCoR,,,,,1.2931060791016,103.85580444336,,EN,Female,21,Chinese,Others,A'levels,Not working,Neutral,Somewhat disagree,Neutral,Neutral,Agree,Agree,,Somewhat disagree,Neutral,Disagree,Neutral,Neutral,,Neither Agree nor Disagree,Neither Agree nor Disagree,Neither Agree nor Disagree,Somewhat Disagree,,Never,Never,Never,Rarely,Somewhat Agree,Somewhat Agree,Strongly Agree
2015-02-01 12:26:54,2015-02-01 12:29:35,IP Address,180.255.248.97,,160,True,2015-02-01 12:29:36,R_RQEpmBPE7tJKqGJ,,,,,1.2931060791016,103.85580444336,,EN,Female,21,Chinese,None,A'levels,Not working,Neutral,Neutral,Neutral,Neutral,Neutral,Neutral,Nil,Disagree,Disagree,Neutral,Neutral,Neutral,Nil,Neither Agree nor Disagree,Neither Agree nor Disagree,Neither Agree nor Disagree,Neither Agree nor Disagree,Nil,Never,Never,Never,Never,Somewhat Agree,Somewhat Agree,Neither Agree nor Disagree
2015-02-01 12:36:01,2015-02-01 12:38:53,IP Address,119.74.32.2,,172,True,2015-02-01 12:38:54,R_ZsIBlwXitP05zgt,,,,,1.2931060791016,103.85580444336,,EN,Male,24,Chinese,None,Degree,Working (part-time),Neutral,Somewhat disagree,Somewhat agree,Somewhat agree,Agree,Neutral,Nil,Somewhat disagree,Somewhat disagree,Disagree,Neutral,Somewhat disagree,Nil,Somewhat Disagree,Somewhat Disagree,Somewhat Disagree,Somewhat Disagree,Nil,Rarely,Rarely,Rarely,Rarely,Neither Agree nor Disagree,Somewhat Disagree,Neither Agree nor Disagree
2015-02-01 12:37:55,2015-02-01 12:42:26,IP Address,219.75.96.146,,270,True,2015-02-01 12:42:27,R_278oWfgIHgSolhi,,,,,1.2931060791016,103.85580444336,,EN,Female,22,Chinese,Christianity,A'levels,Working (part-time),Somewhat agree,Neutral,Somewhat agree,Neutral,Somewhat agree,Agree,,Neutral,Somewhat agree,Somewhat disagree,Neutral,Neutral,,Disagree,Disagree,Neither Agree nor Disagree,Neither Agree nor Disagree,"I just do not post stuff in general, especially news etc, cos I feel that facebook is not an outlet to share news",Never,Never,Never,Rarely,Somewhat Agree,Neither Agree nor Disagree,Agree
2015-02-01 12:53:24,2015-02-01 12:58:31,IP Address,14.100.135.116,,306,True,2015-02-01 12:58:32,R_1C9JU2XHnMVHAD7,,,,,1.2931060791016,103.85580444336,,EN,Female,24,Chinese,Buddhism,Degree,Working (full-time),Strongly agree,Strongly agree,Strongly agree,Strongly agree,Strongly agree,Strongly agree,,Somewhat disagree,Neutral,Somewhat disagree,Somewhat disagree,Somewhat disagree,,Neither Agree nor Disagree,Disagree,Somewhat Agree,Agree,,Often,Often,Often,Rarely,Somewhat Agree,Neither Agree nor Disagree,Strongly Agree
2015-02-01 12:59:30,2015-02-01 13:02:54,IP Address,14.100.135.14,,204,True,2015-02-01 13:02:55,R_z2cfViBMzQMn9n3,,,,,1.2931060791016,103.85580444336,,EN,Male,23,Chinese,Others,A'levels,Not working,Strongly disagree,Somewhat agree,Strongly agree,Neutral,Strongly agree,Strongly agree,,Somewhat agree,Somewhat disagree,Neutral,Disagree,Neutral,,Somewhat Disagree,Disagree,Disagree,Disagree,,Never,Never,Never,Rarely,Agree,Agree,Strongly Agree
2015-02-01 13:02:37,2015-02-01 13:05:57,IP Address,175.156.150.173,,199,True,2015-02-01 13:05:58,R_5cFoAIVT0GQYppL,,,,,1.2931060791016,103.85580444336,,EN,Female,19,Chinese,None,A'levels,Not working,Strongly agree,Strongly agree,Strongly agree,Strongly agree,Strongly agree,Strongly agree,,Somewhat disagree,Somewhat disagree,Somewhat agree,Neutral,Neutral,,Neither Agree nor Disagree,Neither Agree nor Disagree,Somewhat Agree,Agree,,Sometimes,Often,Often,Rarely,Somewhat Disagree,Somewhat Agree,Agree
2015-02-01 13:04:46,2015-02-01 13:08:36,IP Address,14.100.132.188,,229,True,2015-02-01 13:08:37,R_1EbLsWBozXyJdw9,,,,,1.2931060791016,103.85580444336,,EN,Male,23,Malay,Islam,A'levels,Working (part-time),Agree,Somewhat agree,Somewhat agree,Agree,Agree,Strongly agree,Nil,Somewhat disagree,Neutral,Neutral,Somewhat agree,Neutral,Nil,Disagree,Disagree,Disagree,Somewhat Disagree,Nil,Never,Never,Never,Rarely,Somewhat Disagree,Strongly Agree,Somewhat Agree
2015-02-01 13:10:25,2015-02-01 13:13:24,IP Address,222.164.16.64,,178,True,2015-02-01 13:13:25,R_xtR8K5jndEjk4sp,,,,,1.2931060791016,103.85580444336,,EN,Male,24,Chinese,None,A'levels,Working (part-time),Neutral,Somewhat disagree,Neutral,Somewhat disagree,Somewhat agree,Somewhat agree,,Somewhat disagree,Somewhat disagree,Neutral,Somewhat disagree,Somewhat disagree,,Strongly Disagree,Strongly Disagree,Strongly Disagree,Strongly Disagree,,Never,Never,Never,Never,Somewhat Agree,Agree,Agree
2015-02-01 13:09:21,2015-02-01 13:13:55,IP Address,202.166.21.77,,274,True,2015-02-01 13:13:57,R_2uvsWDyFcjN8eqS,,,,,1.2931060791016,103.85580444336,,EN,Male,21,Chinese,Buddhism,A'levels,Working (part-time),Disagree,Agree,Strongly agree,Strongly agree,Strongly agree,Somewhat agree,Nil,Disagree,Neutral,Neutral,Somewhat agree,Somewhat agree,Nil,Somewhat Disagree,Neither Agree nor Disagree,Somewhat Disagree,Somewhat Disagree,Nil,Never,Never,Never,Never,Somewhat Disagree,Somewhat Agree,Somewhat Agree
2015-02-01 13:17:12,2015-02-01 13:20:08,IP Address,175.156.54.209,,175,True,2015-02-01 13:20:09,R_01XxAlStZnyqEmt,,,,,1.2931060791016,103.85580444336,,EN,Female,21,Chinese,Christianity,A'levels,Not working,Neutral,Agree,Somewhat agree,Somewhat agree,Neutral,Agree,Nil,Somewhat disagree,Somewhat disagree,Somewhat agree,Neutral,Neutral,Nil,Neither Agree nor Disagree,Disagree,Disagree,Neither Agree nor Disagree,Nil,Never,Never,Never,Rarely,Somewhat Agree,Somewhat Agree,Somewhat Agree
2015-02-01 13:18:08,2015-02-01 13:20:14,IP Address,42.60.217.19,,125,True,2015-02-01 13:20:15,R_2VlofI1scgHYiWi,,,,,1.2931060791016,103.85580444336,,EN,Female,22,Chinese,Christianity,Degree,Not working,Strongly disagree,Neutral,Neutral,Neutral,Neutral,Neutral,-,Neutral,Neutral,Neutral,Neutral,Neutral,-,Neither Agree nor Disagree,Neither Agree nor Disagree,Neither Agree nor Disagree,Neither Agree nor Disagree,-,Rarely,Rarely,Rarely,Rarely,Disagree,Somewhat Agree,Somewhat Agree
2015-02-01 13:23:56,2015-02-01 13:25:36,IP Address,180.255.240.55,,100,True,2015-02-01 13:25:37,R_2ZJizKpZEzhpJPQ,,,,,1.2931060791016,103.85580444336,,EN,Female,22,Chinese,Christianity,Diploma,Not working,Strongly disagree,Strongly disagree,Strongly disagree,Disagree,Strongly disagree,Strongly disagree,-,Strongly disagree,Strongly disagree,Strongly disagree,Strongly disagree,Strongly disagree,-,Disagree,Disagree,Disagree,Disagree,-,Never,Never,Never,Never,Somewhat Agree,Somewhat Agree,Somewhat Agree
2015-02-01 13:28:15,2015-02-01 13:31:55,IP Address,116.87.8.198,,219,True,2015-02-01 13:31:56,R_33vz2FdMM9Kv1vq,,,,,1.2931060791016,103.85580444336,,EN,Male,24,Malay,Islam,Diploma,Working (part-time),Strongly agree,Strongly agree,Strongly agree,Strongly agree,Strongly agree,Strongly agree,Nil,Somewhat disagree,Neutral,Somewhat agree,Somewhat agree,Agree,,Somewhat Agree,Neither Agree nor Disagree,Strongly Agree,Strongly Agree,,Often,Often,Often,All of the Time,Disagree,Agree,Agree
2015-02-01 13:30:19,2015-02-01 13:32:57,IP Address,119.56.123.158,,158,True,2015-02-01 13:32:58,R_8oCUaGA0yFWVeQV,,,,,1.2931060791016,103.85580444336,,EN,Female,21,Chinese,Christianity,A'levels,Not working,Somewhat agree,Somewhat agree,Disagree,Strongly disagree,Agree,Neutral,,Somewhat agree,Agree,Agree,Agree,Agree,,Strongly Disagree,Disagree,Strongly Disagree,Disagree,,Never,Never,Never,Never,Agree,Agree,Agree
2015-02-01 13:30:37,2015-02-01 13:34:37,IP Address,27.104.83.218,,239,True,2015-02-01 13:34:37,R_1Do4pU1E1RZPmiC,,,,,1.2931060791016,103.85580444336,,EN,Male,24,Chinese,Christianity,A'levels,Not working,Somewhat agree,Disagree,Somewhat agree,Somewhat disagree,Neutral,Somewhat disagree,,Somewhat disagree,Somewhat agree,Somewhat disagree,Disagree,Disagree,,Neither Agree nor Disagree,Neither Agree nor Disagree,Neither Agree nor Disagree,Neither Agree nor Disagree,,Never,Never,Never,Never,Neither Agree nor Disagree,Somewhat Agree,Somewhat Agree
2015-02-01 13:31:42,2015-02-01 13:38:40,IP Address,182.19.208.112,,418,True,2015-02-01 13:38:41,R_3hsDPZNBn80rHJz,,,,,1.2931060791016,103.85580444336,,EN,Male,23,Chinese,Christianity,A'levels,Not working,Strongly agree,Strongly agree,Strongly agree,Strongly agree,Strongly agree,Strongly agree,"It's basic human rights to be responsible for the one you love, not up to the law to determine who is ""right"" to be there to make important decisions on behalf of you, especially during an emergency.",Somewhat agree,Neutral,Agree,Somewhat agree,Agree,"I think it's a matter of educating the people. It's important for them to be exposed to the existence of homosexuality as a fact, rather than hoping that no one finds out while treating it does not exist, writing it off as a crime.",Somewhat Disagree,Somewhat Agree,Agree,Agree,"It is usually just an outlet to post a personal opinion, not for a constructive conversation with your friends.",Sometimes,Sometimes,Sometimes,Rarely,Somewhat Agree,Agree,Strongly Agree
2015-02-01 14:01:04,2015-02-01 14:06:00,IP Address,203.117.37.51,,296,True,2015-02-01 14:06:00,R_6z2dxRKL1pv8ZRH,,,,,1.2931060791016,103.85580444336,,,Male,30,Malay,Islam,Degree,Working (full-time),Somewhat disagree,Somewhat disagree,Strongly disagree,Strongly disagree,Strongly disagree,Somewhat disagree,,Strongly disagree,Strongly agree,Somewhat agree,Strongly disagree,Strongly disagree,,Neither Agree nor Disagree,Neither Agree nor Disagree,Neither Agree nor Disagree,Neither Agree nor Disagree,,Never,Never,Never,Never,Neither Agree nor Disagree,Neither Agree nor Disagree,Neither Agree nor Disagree
2015-02-01 14:09:05,2015-02-01 14:11:40,IP Address,58.182.241.69,,155,True,2015-02-01 14:11:40,R_6gsNN98BfjeSFr7,,,,,1.2931060791016,103.85580444336,,,Female,21,Chinese,Christianity,Diploma,Not working,Agree,Agree,Agree,Somewhat disagree,Neutral,Somewhat agree,N/a,Strongly disagree,Agree,Disagree,Disagree,Disagree,N/a,Neither Agree nor Disagree,Neither Agree nor Disagree,Neither Agree nor Disagree,Neither Agree nor Disagree,N/a,Never,Never,Never,Rarely,Somewhat Agree,Neither Agree nor Disagree,Agree
2015-02-01 14:18:56,2015-02-01 14:21:30,IP Address,27.125.154.107,,153,True,2015-02-01 14:21:31,R_O6TEpaEImCDU7rH,,,,,1.2931060791016,103.85580444336,,EN,Male,22,Others,Christianity,A'levels,Not working,Neutral,Agree,Disagree,Agree,Agree,Agree,People should be become more accepting,Neutral,Somewhat disagree,Agree,Agree,Agree,,Disagree,Somewhat Agree,Somewhat Agree,Neither Agree nor Disagree,,Never,Never,Never,Never,Agree,Agree,Agree
2015-02-01 14:23:03,2015-02-01 14:26:56,IP Address,137.132.18.19,,233,True,2015-02-01 14:26:56,R_2sq8eQDlQwx0A0B,,,,,1.2931060791016,103.85580444336,,,Female,21,Chinese,None,A'levels,Not working,Agree,Agree,Agree,Agree,Agree,Agree,"Feel that they are often very disadvantaged in terms of housing and also in marriage (which guarantees and provides heterosexual couples benefits in certain govt policies). ",Neutral,Somewhat disagree,Neutral,Somewhat agree,Neutral,,Neither Agree nor Disagree,Somewhat Disagree,Neither Agree nor Disagree,Neither Agree nor Disagree,,Never,Never,Never,Sometimes,Somewhat Agree,Somewhat Agree,Somewhat Agree
2015-02-01 14:31:18,2015-02-01 14:34:28,IP Address,101.127.105.216,,189,True,2015-02-01 14:34:29,R_2wB59agqDLxtZ9c,,,,,1.2931060791016,103.85580444336,,EN,Female,23,Chinese,None,Diploma,Not working,Agree,Agree,Strongly agree,Agree,Agree,Agree,,Somewhat disagree,Agree,Somewhat disagree,Somewhat disagree,Agree,,Neither Agree nor Disagree,Somewhat Disagree,Somewhat Disagree,Somewhat Disagree,,Never,Never,Never,Rarely,Somewhat Agree,Neither Agree nor Disagree,Agree
2015-02-01 14:50:44,2015-02-01 14:53:30,IP Address,42.61.232.176,,166,True,2015-02-01 14:53:31,R_3HzgFYx7D076ayF,,,,,1.2931060791016,103.85580444336,,EN,Female,22,Chinese,Christianity,Degree,Working (part-time),Neutral,Somewhat agree,Somewhat disagree,Somewhat disagree,Neutral,Agree,,Somewhat disagree,Somewhat agree,Agree,Agree,Somewhat agree,,Somewhat Disagree,Somewhat Disagree,Neither Agree nor Disagree,Somewhat Disagree,,Never,Never,Never,Rarely,Somewhat Agree,Somewhat Agree,Agree
2015-02-01 14:52:22,2015-02-01 14:54:39,IP Address,116.14.94.250,,137,True,2015-02-01 14:54:41,R_3oNJfWS3LyiCXbs,,,,,1.2931060791016,103.85580444336,,EN,Male,23,Chinese,None,A'levels,Not working,Somewhat agree,Agree,Neutral,Neutral,Somewhat agree,Somewhat agree,,Neutral,Neutral,Agree,Somewhat agree,Agree,,Disagree,Disagree,Disagree,Disagree,,Never,Never,Never,Rarely,Neither Agree nor Disagree,Agree,Agree
2015-02-01 14:42:09,2015-02-01 14:55:47,IP Address,121.7.252.31,,818,True,2015-02-01 14:55:47,R_aXHpMUFIGzevhch,,,,,1.2931060791016,103.85580444336,,,Male,26,Chinese,None,Degree,Working (full-time),Strongly agree,Strongly agree,Strongly agree,Strongly agree,Agree,Strongly agree,,Somewhat agree,Neutral,Somewhat agree,Agree,Agree,,Somewhat Agree,Somewhat Disagree,Neither Agree nor Disagree,Somewhat Disagree,,Rarely,Rarely,Rarely,Never,Somewhat Agree,Agree,Agree
2015-02-01 15:20:07,2015-02-01 15:23:03,IP Address,115.66.211.178,,175,True,2015-02-01 15:23:05,R_PTYAlAfcv1hUHnj,,,,,1.2931060791016,103.85580444336,,EN,Female,23,Chinese,Others,A'levels,Not working,Somewhat agree,Somewhat disagree,Somewhat disagree,Somewhat agree,Neutral,Agree,,Somewhat disagree,Somewhat disagree,Disagree,Disagree,Somewhat disagree,,Disagree,Disagree,Disagree,Disagree,,Never,Never,Never,Never,Somewhat Agree,Agree,Neither Agree nor Disagree
2015-02-01 15:30:36,2015-02-01 15:34:24,IP Address,27.104.66.74,,228,True,2015-02-01 15:34:25,R_31mv78jJa3umKOe,,,,,1.2931060791016,103.85580444336,,EN,Male,23,Chinese,None,Degree,Not working,Agree,Strongly agree,Agree,Neutral,Somewhat agree,Strongly agree,,Agree,Neutral,Strongly agree,Somewhat agree,Neutral,,Strongly Disagree,Somewhat Agree,Disagree,Somewhat Disagree,,Never,Never,Never,Never,Neither Agree nor Disagree,Agree,Agree
2015-02-01 15:42:40,2015-02-01 15:44:54,IP Address,202.166.18.38,,133,True,2015-02-01 15:44:55,R_2fIhBpmkXPx6qT2,,,,,1.2931060791016,103.85580444336,,EN,Male,25,Chinese,None,Diploma,Not working,Strongly agree,Strongly agree,Strongly agree,Strongly agree,Strongly agree,Strongly agree,,Disagree,Agree,Disagree,Disagree,Disagree,,Strongly Disagree,Strongly Disagree,Neither Agree nor Disagree,Strongly Agree,,Sometimes,Rarely,Rarely,Rarely,Agree,Agree,Agree
2015-02-01 16:12:13,2015-02-01 16:15:21,IP Address,46.193.0.78,,187,True,2015-02-01 16:15:23,R_1gve56vLbUVFDDR,,,,,49.285400390625,4.0086059570312,,EN,Male,23,Chinese,None,A'levels,Not working,Agree,Agree,Agree,Agree,Agree,Agree,,Somewhat agree,Neutral,Somewhat agree,Neutral,Somewhat agree,,Somewhat Agree,Strongly Agree,Strongly Agree,Strongly Agree,,Often,Often,Often,Sometimes,Neither Agree nor Disagree,Somewhat Agree,Strongly Agree
2015-02-01 16:49:44,2015-02-01 16:53:26,IP Address,80.223.122.68,,222,True,2015-02-01 16:53:28,R_3LhuwrLOz25hOl0,,,,,60.175598144531,24.934204101562,,EN,Female,22,Chinese,None,Degree,Not working,Somewhat agree,Somewhat agree,Somewhat agree,Somewhat agree,Agree,Agree,-,Disagree,Somewhat disagree,Somewhat agree,Somewhat agree,Agree,-,Somewhat Disagree,Disagree,Somewhat Disagree,Disagree,-,Never,Never,Never,Never,Agree,Agree,Agree
2015-02-01 16:59:18,2015-02-01 17:06:49,IP Address,116.15.57.51,,450,True,2015-02-01 17:06:50,R_3nw5h75jFGvKbMM,,,,,1.2931060791016,103.85580444336,,EN,Male,26,Others,None,Degree,Not working,Strongly agree,Strongly agree,Strongly agree,Disagree,Disagree,Agree,[]D [] []V[] []D,Agree,Disagree,Disagree,Disagree,Disagree,Those who subscribe to anti-homosexual religions make up the majority of people who do not accept homosexuals. I think they only do so because of religious scripture and do not think critically about the issue.,Strongly Disagree,Strongly Disagree,Strongly Disagree,Strongly Disagree,I'm not one to post stuff on facebook. Especially not sensitive topics because it will only end up in pointless arguments. People usually have very strong positions on such issues and a paragraph on facebook isn't going to change anyone's minds.,Never,Never,Never,Never,Agree,Agree,Agree
2015-02-01 17:43:15,2015-02-01 17:46:26,IP Address,49.245.211.68,,191,True,2015-02-01 17:46:27,R_DpE9Vq2bzgMNhOF,,,,,1.2931060791016,103.85580444336,,EN,Male,24,Chinese,Buddhism,A'levels,Not working,Neutral,Somewhat agree,Disagree,Somewhat agree,Agree,Strongly agree,Nil,Disagree,Neutral,Agree,Somewhat agree,Agree,Nil,Neither Agree nor Disagree,Neither Agree nor Disagree,Neither Agree nor Disagree,Neither Agree nor Disagree,Nil,Never,Never,Never,Rarely,Disagree,Strongly Agree,Neither Agree nor Disagree
2015-02-01 17:45:08,2015-02-01 17:49:19,IP Address,115.66.76.194,,251,True,2015-02-01 17:49:20,R_1It68Plq3IuHz7n,,,,,1.2931060791016,103.85580444336,,EN,Male,24,Chinese,None,A'levels,Not working,Agree,Agree,Strongly agree,Agree,Strongly agree,Strongly agree,,Disagree,Somewhat disagree,Strongly agree,Agree,Agree,,Strongly Disagree,Strongly Disagree,Disagree,Strongly Disagree,"I don't command a huge social media presence as I have very few friends. Hence, it is pointless for me to make postings about anything.",Never,Never,Never,Never,Agree,Somewhat Agree,Somewhat Agree
2015-02-01 17:39:03,2015-02-01 17:57:05,IP Address,183.90.37.20,,1082,True,2015-02-01 17:57:06,R_2TvmOmPvvAc2QyC,,,,,1.2931060791016,103.85580444336,,EN,Female,21,Indian,Islam,Degree,Not working,Somewhat agree,Strongly agree,Agree,Somewhat agree,Somewhat agree,Strongly agree,-,Somewhat agree,Somewhat agree,Neutral,Somewhat agree,Somewhat agree,-,Somewhat Agree,Somewhat Agree,Agree,Agree,-,Sometimes,Sometimes,Rarely,Often,Somewhat Disagree,Agree,Agree
2015-02-01 18:02:12,2015-02-01 18:08:30,IP Address,180.255.240.112,,377,True,2015-02-01 18:08:31,R_3CEi68DvKZ9Gcgz,,,,,1.2931060791016,103.85580444336,,EN,Female,21,Chinese,Buddhism,A'levels,Not working,Somewhat agree,Somewhat agree,Agree,Agree,Strongly agree,Strongly agree,,Somewhat disagree,Somewhat disagree,Disagree,Somewhat disagree,Neutral,,Somewhat Agree,Somewhat Agree,Neither Agree nor Disagree,Agree,I think people are too liberal with their comments. Often i find it unnecessary to tell the whole world what's on your mind unless it's something that really bothers you.,Never,Rarely,Never,Never,Disagree,Neither Agree nor Disagree,Strongly Agree
2015-02-01 18:26:18,2015-02-01 18:28:59,IP Address,116.15.136.57,,161,True,2015-02-01 18:29:00,R_3no2B6a7yvEJftM,,,,,1.2931060791016,103.85580444336,,EN,Male,24,Chinese,None,A'levels,Working (part-time),Neutral,Strongly agree,Strongly agree,Agree,Somewhat agree,Strongly agree,,Somewhat agree,Somewhat agree,Neutral,Somewhat agree,Agree,,Neither Agree nor Disagree,Disagree,Agree,Somewhat Agree,,Sometimes,Sometimes,Sometimes,Rarely,Somewhat Agree,Somewhat Disagree,Disagree
2015-02-01 18:29:13,2015-02-01 18:30:33,IP Address,116.15.136.57,,80,True,2015-02-01 18:30:34,R_2qpUvm27AZinyEW,,,,,1.2931060791016,103.85580444336,,EN,Male,23,Chinese,Buddhism,A'levels,Not working,Strongly agree,Strongly agree,Strongly agree,Strongly agree,Strongly agree,Strongly agree,,Somewhat agree,Disagree,Somewhat agree,Somewhat agree,Somewhat agree,,Somewhat Disagree,Somewhat Disagree,Somewhat Disagree,Somewhat Disagree,,Sometimes,Sometimes,Sometimes,Often,Somewhat Agree,Neither Agree nor Disagree,Disagree
2015-02-01 18:54:15,2015-02-01 19:04:19,IP Address,183.90.37.39,,604,True,2015-02-01 19:04:20,R_1BvBdfgxfarTOuZ,,,,,1.2931060791016,103.85580444336,,EN,Female,25,Chinese,None,Others,Working (full-time),Somewhat disagree,Strongly agree,Strongly agree,Strongly disagree,Neutral,Strongly agree,,Agree,Disagree,Somewhat disagree,Disagree,Neutral,,Disagree,Disagree,Disagree,Disagree,,Never,Never,Never,Rarely,Somewhat Disagree,Disagree,Strongly Agree
2015-02-01 19:42:09,2015-02-01 19:44:04,IP Address,121.7.163.111,,115,True,2015-02-01 19:44:05,R_Av8YaB5IdMig5lT,,,,,1.2931060791016,103.85580444336,,EN,Female,19,Chinese,Christianity,A'levels,Not working,Strongly agree,Agree,Strongly agree,Agree,Strongly agree,Agree,,Somewhat agree,Neutral,Agree,Agree,Agree,,Neither Agree nor Disagree,Neither Agree nor Disagree,Neither Agree nor Disagree,Neither Agree nor Disagree,,Never,Never,Never,Never,Somewhat Disagree,Somewhat Agree,Somewhat Agree
2015-02-01 20:30:27,2015-02-01 20:34:36,IP Address,83.47.130.14,,248,True,2015-02-01 20:34:37,R_3LXPzbJEpXmu2RW,,,,,41.389694213867,2.1660003662109,,EN,Female,23,Others,None,Masters,Not working,Neutral,Strongly agree,Strongly agree,Neutral,Somewhat agree,Strongly agree,,Neutral,Neutral,Neutral,Neutral,Neutral,,Neither Agree nor Disagree,Somewhat Agree,Neither Agree nor Disagree,Strongly Disagree,,Never,Never,Never,Rarely,Strongly Agree,Disagree,Strongly Agree
2015-02-01 21:46:11,2015-02-01 21:50:40,IP Address,218.212.134.11,,268,True,2015-02-01 21:50:41,R_RxzvXndCxvzmkcF,,,,,1.2931060791016,103.85580444336,,EN,Male,22,Chinese,Buddhism,Degree,Working (full-time),Agree,Agree,Agree,Agree,Agree,Agree,,Somewhat disagree,Somewhat agree,Somewhat agree,Somewhat disagree,Neutral,,Somewhat Disagree,Somewhat Disagree,Neither Agree nor Disagree,Somewhat Disagree,,Never,Never,Never,Rarely,Agree,Somewhat Agree,Somewhat Agree
2015-02-01 21:50:18,2015-02-01 21:52:42,IP Address,115.66.166.109,,143,True,2015-02-01 21:52:43,R_1TfHY1ajdpmIxS9,,,,,1.2931060791016,103.85580444336,,EN,Male,22,Chinese,None,Degree,Working (part-time),Strongly agree,Strongly agree,Agree,Strongly agree,Strongly agree,Strongly agree,-,Somewhat disagree,Somewhat disagree,Somewhat agree,Neutral,Agree,-,Somewhat Agree,Agree,Agree,Somewhat Agree,,Sometimes,Sometimes,Sometimes,Rarely,Somewhat Agree,Agree,Strongly Disagree
2015-02-01 21:52:27,2015-02-01 21:56:19,IP Address,180.255.4.178,,232,True,2015-02-01 21:56:20,R_Q0JFs3vSJgyauE9,,,,,1.2931060791016,103.85580444336,,EN,Female,22,Malay,Islam,Degree,Working (part-time),Agree,Strongly agree,Agree,Agree,Somewhat agree,Strongly agree,,Disagree,Strongly agree,Somewhat disagree,Strongly disagree,Strongly disagree,,Somewhat Disagree,Strongly Agree,Disagree,Agree,,Never,Never,Never,Sometimes,Somewhat Disagree,Disagree,Strongly Disagree
2015-02-01 22:25:49,2015-02-01 22:28:50,IP Address,218.212.70.180,,181,True,2015-02-01 22:28:51,R_3P5Bk0r6mhKFOnu,,,,,1.2931060791016,103.85580444336,,EN,Female,23,Malay,Islam,Degree,Not working,Somewhat disagree,Neutral,Somewhat disagree,Neutral,Agree,Agree,,Disagree,Somewhat agree,Neutral,Neutral,Agree,,Disagree,Disagree,Neither Agree nor Disagree,Somewhat Agree,,Rarely,Rarely,Rarely,Rarely,Disagree,Neither Agree nor Disagree,Agree
2015-02-01 22:30:42,2015-02-01 22:33:15,IP Address,42.60.164.131,,153,True,2015-02-01 22:33:16,R_10OhZAb00yWgX7r,,,,,1.2931060791016,103.85580444336,,EN,Male,24,Indian,None,A'levels,Not working,Somewhat agree,Somewhat disagree,Neutral,Strongly disagree,Strongly disagree,Agree,"Homosexuality is such a trivial issue. Conveniently forget the passive and subtle racial discrimination you practice. ",Somewhat disagree,Somewhat agree,Disagree,Somewhat agree,Neutral,,Somewhat Disagree,Somewhat Disagree,Somewhat Disagree,Somewhat Disagree,,Never,Sometimes,Rarely,Never,Strongly Agree,Strongly Agree,Strongly Agree
2015-02-01 23:01:25,2015-02-01 23:05:05,IP Address,203.116.251.232,,220,True,2015-02-01 23:05:07,R_1gSGzvtD7sbE3Pc,,,,,1.2931060791016,103.85580444336,,EN,Male,23,Chinese,Christianity,Degree,Not working,Agree,Somewhat agree,Agree,Somewhat agree,Agree,Somewhat agree,"None
",Strongly disagree,Somewhat disagree,Disagree,Somewhat disagree,Neutral,"None
",Disagree,Somewhat Agree,Somewhat Disagree,Somewhat Disagree,"None
",Rarely,Sometimes,Rarely,Often,Agree,Somewhat Disagree,Neither Agree nor Disagree
2015-02-01 23:01:33,2015-02-01 23:07:31,IP Address,14.100.132.102,,358,True,2015-02-01 23:07:32,R_rjt2t9efXKCqhc5,,,,,1.2931060791016,103.85580444336,,EN,Female,24,Chinese,Christianity,Degree,Working (full-time),Strongly disagree,Strongly agree,Strongly disagree,Disagree,Strongly disagree,Strongly agree,,Somewhat disagree,Somewhat agree,Somewhat agree,Somewhat disagree,Somewhat disagree,,Disagree,Somewhat Disagree,Somewhat Agree,Disagree,,Rarely,Rarely,Sometimes,Rarely,Somewhat Agree,Somewhat Disagree,Agree
2015-02-01 23:48:41,2015-02-01 23:51:42,IP Address,138.75.141.59,,180,True,2015-02-01 23:51:46,R_AuRdRmC5MUJACad,,,,,1.2931060791016,103.85580444336,,EN,Male,24,Chinese,Christianity,Degree,Working (full-time),Agree,Somewhat agree,Strongly agree,Agree,Strongly agree,Strongly agree,,Disagree,Somewhat agree,Somewhat disagree,Strongly disagree,Disagree,,Neither Agree nor Disagree,Neither Agree nor Disagree,Agree,Agree,,Never,Sometimes,Sometimes,Sometimes,Somewhat Agree,Agree,Somewhat Agree
2015-02-02 00:02:14,2015-02-02 00:10:52,IP Address,182.55.126.167,,518,True,2015-02-02 00:10:53,R_1i7YOs0LJSDtkXc,,,,,1.2931060791016,103.85580444336,,EN,Female,22,Chinese,Buddhism,A'levels,Not working,Agree,Agree,Strongly agree,Agree,Agree,Strongly agree,"We should have a LGBT village like in North America. 
People should have equal rights. Being true to yourself is not a crime.",Somewhat agree,Somewhat disagree,Somewhat agree,Somewhat agree,Agree,Nil,Neither Agree nor Disagree,Somewhat Agree,Agree,Agree,Nil,Never,Never,Never,Never,Somewhat Agree,Agree,Agree
2015-02-02 00:27:47,2015-02-02 00:34:24,IP Address,175.156.103.20,,396,True,2015-02-02 00:34:25,R_XgPoZUx6elEhCjT,,,,,1.2931060791016,103.85580444336,,EN,Male,24,Chinese,Christianity,Degree,Not working,Strongly agree,Neutral,Strongly agree,Agree,Agree,Neutral,"Without the repeal of 377A, discrimination remains institutionalized and certain societal issues cannot be fully addressed. ",Neutral,Neutral,Somewhat disagree,Somewhat disagree,Neutral,,Somewhat Agree,Neither Agree nor Disagree,Neither Agree nor Disagree,Somewhat Agree,,Sometimes,Sometimes,Sometimes,Often,Somewhat Agree,Somewhat Agree,Somewhat Agree
2015-02-02 00:47:03,2015-02-02 00:50:05,IP Address,137.132.67.103,,182,True,2015-02-02 00:50:07,R_8iDMgH6qe0yICml,,,,,1.2931060791016,103.85580444336,,EN,Female,21,Chinese,Buddhism,Degree,Working (part-time),Neutral,Somewhat agree,Somewhat agree,Somewhat disagree,Somewhat disagree,Neutral,,Somewhat agree,Neutral,Somewhat agree,Somewhat agree,Somewhat agree,,Somewhat Disagree,Disagree,Somewhat Disagree,Disagree,,Never,Never,Never,Sometimes,Neither Agree nor Disagree,Neither Agree nor Disagree,Somewhat Agree
2015-02-02 00:46:43,2015-02-02 00:51:33,IP Address,121.7.13.173,,289,True,2015-02-02 00:51:34,R_2vY59flsiGphiBA,,,,,1.2931060791016,103.85580444336,,EN,Male,23,Chinese,Others,A'levels,Not working,Agree,Agree,Agree,Strongly disagree,Strongly disagree,Somewhat disagree,,Somewhat disagree,Agree,Agree,Agree,Agree,,Disagree,Disagree,Disagree,Disagree,"I don't post on Facebook anymore ",Never,Never,Never,Never,Agree,Agree,Agree
2015-02-02 00:52:38,2015-02-02 01:00:16,IP Address,180.255.240.106,,458,True,2015-02-02 01:00:18,R_3q9iOKnpteFc9fv,,,,,1.2931060791016,103.85580444336,,EN,Female,20,Chinese,Christianity,A'levels,Not working,Agree,Strongly agree,Strongly agree,Agree,Strongly agree,Strongly agree,,Somewhat disagree,Agree,Somewhat disagree,Somewhat disagree,Agree,,Somewhat Disagree,Somewhat Disagree,Somewhat Disagree,Somewhat Disagree,I don't really use Facebook for anything anymore.,Never,Never,Never,Never,Somewhat Agree,Somewhat Disagree,Agree
2015-02-02 01:05:42,2015-02-02 01:08:58,IP Address,119.56.115.168,,196,True,2015-02-02 01:08:59,R_1H2josuiqjt6A5s,,,,,1.2931060791016,103.85580444336,,EN,Female,25,Chinese,Christianity,Degree,Working (full-time),Somewhat disagree,Disagree,Neutral,Disagree,Neutral,Neutral,,Disagree,Disagree,Disagree,Disagree,Disagree,,Disagree,Disagree,Disagree,Disagree,,Never,Never,Never,Never,Neither Agree nor Disagree,Somewhat Disagree,Somewhat Agree
2015-02-02 00:44:35,2015-02-02 01:10:36,IP Address,42.61.186.204,,1560,True,2015-02-02 01:10:37,R_1KvUX42WTC7sO6f,,,,,1.2931060791016,103.85580444336,,EN,Female,21,Chinese,None,A'levels,Not working,Agree,Agree,Agree,Agree,Agree,Strongly agree,,Somewhat agree,Neutral,Neutral,Somewhat agree,Somewhat agree,,Somewhat Agree,Agree,Agree,Agree,,Sometimes,Sometimes,Sometimes,Sometimes,Somewhat Agree,Agree,Agree
2015-02-02 07:43:08,2015-02-02 07:46:09,IP Address,183.90.37.12,,181,True,2015-02-02 07:46:10,R_2zbCxJ5PDPaBykI,,,,,1.2931060791016,103.85580444336,,EN,Female,21,Chinese,None,A'levels,Working (part-time),Disagree,Somewhat agree,Agree,Agree,Agree,Agree,Nope,Disagree,Disagree,Somewhat agree,Disagree,Strongly agree,Nope,Strongly Disagree,Strongly Disagree,Strongly Disagree,Strongly Disagree,"Nope ",Never,Never,Never,Never,Somewhat Agree,Somewhat Agree,Somewhat Agree
2015-02-02 07:53:59,2015-02-02 07:56:34,IP Address,42.60.112.165,,155,True,2015-02-02 07:56:35,R_1DBDT3CnMdf6npI,,,,,1.2931060791016,103.85580444336,,EN,Male,23,Others,Others,A'levels,Working (part-time),Somewhat agree,Agree,Agree,Strongly disagree,Strongly disagree,Agree,,Disagree,Somewhat agree,Somewhat agree,Disagree,Disagree,,Strongly Disagree,Strongly Disagree,Strongly Disagree,Strongly Disagree,,Never,Never,Never,Never,Somewhat Agree,Somewhat Agree,Somewhat Agree
2015-02-02 08:42:15,2015-02-02 08:46:05,IP Address,14.100.135.23,,230,True,2015-02-02 08:46:06,R_x4KzQooWlWTzRcJ,,,,,1.2931060791016,103.85580444336,,EN,Male,23,Chinese,None,A'levels,Not working,Somewhat agree,Agree,Somewhat agree,Somewhat agree,Somewhat agree,Agree,Nil,Somewhat disagree,Somewhat agree,Disagree,Somewhat disagree,Neutral,Nil,Neither Agree nor Disagree,Neither Agree nor Disagree,Neither Agree nor Disagree,Neither Agree nor Disagree,Nil,Rarely,Rarely,Rarely,Rarely,Somewhat Agree,Neither Agree nor Disagree,Somewhat Agree
2015-02-02 08:55:00,2015-02-02 09:08:35,IP Address,203.117.37.212,,814,True,2015-02-02 09:08:36,R_2vd1KR4MZ87un3T,,,,,1.2931060791016,103.85580444336,,EN,Male,23,Chinese,None,Degree,Not working,Agree,Neutral,Agree,Disagree,Somewhat agree,Neutral,-,Somewhat disagree,Somewhat agree,Disagree,Somewhat disagree,Somewhat agree,-,Disagree,Disagree,Disagree,Disagree,-,Never,Never,Never,Never,Agree,Somewhat Agree,Neither Agree nor Disagree
2015-02-02 09:09:41,2015-02-02 09:12:31,IP Address,137.132.68.195,,169,True,2015-02-02 09:12:32,R_6zA3o1JM9zqxiiB,,,,,1.2931060791016,103.85580444336,,EN,Female,21,Chinese,Christianity,Diploma,Not working,Strongly agree,Strongly agree,Strongly agree,Somewhat agree,Strongly agree,Strongly agree,We should have homosexual ministers,Disagree,Disagree,Disagree,Strongly disagree,Disagree,"We are a closed society ",Disagree,Disagree,Disagree,Disagree,,Never,Sometimes,Never,Never,Strongly Agree,Strongly Agree,Agree
2015-02-02 09:27:52,2015-02-02 09:31:27,IP Address,220.255.227.159,,215,True,2015-02-02 09:31:28,R_2sYni5fb7J0pz8A,,,,,1.2931060791016,103.85580444336,,EN,Female,21,Chinese,Buddhism,A'levels,Not working,Somewhat agree,Agree,Somewhat agree,Neutral,Agree,Agree,,Somewhat disagree,Somewhat disagree,Somewhat agree,Somewhat agree,Agree,,Somewhat Disagree,Somewhat Disagree,Somewhat Disagree,Somewhat Disagree,,Never,Never,Never,Rarely,Agree,Agree,Somewhat Agree
2015-02-02 10:58:24,2015-02-02 11:01:06,IP Address,116.14.93.252,,161,True,2015-02-02 11:01:07,R_3Jxfmmx2KbqF5bh,,,,,1.2931060791016,103.85580444336,,EN,Female,23,Chinese,None,Degree,Not working,Agree,Agree,Agree,Agree,Agree,Agree,,Somewhat disagree,Somewhat disagree,Agree,Somewhat agree,Agree,,Neither Agree nor Disagree,Disagree,Disagree,Disagree,,Never,Never,Never,Never,Somewhat Agree,Somewhat Agree,Somewhat Agree
2015-02-02 11:00:55,2015-02-02 11:08:18,IP Address,137.132.26.122,,443,True,2015-02-02 11:08:19,R_1IblfxqPWO4nkqo,,,,,1.2931060791016,103.85580444336,,EN,Female,21,Indian,Hinduism,Diploma,Not working,Neutral,Neutral,Neutral,Disagree,Disagree,Neutral,,Neutral,Neutral,Neutral,Neutral,Neutral,,Neither Agree nor Disagree,Neither Agree nor Disagree,Neither Agree nor Disagree,Neither Agree nor Disagree,,Never,Never,Never,Never,Somewhat Agree,Somewhat Agree,Somewhat Agree
2015-02-02 11:38:57,2015-02-02 11:43:18,IP Address,119.56.119.80,,261,True,2015-02-02 11:43:19,R_2YeKCCQ0m1McBeK,,,,,1.2931060791016,103.85580444336,,EN,Female,35,Chinese,Buddhism,Degree,Working (full-time),Strongly agree,Strongly agree,Strongly agree,Strongly agree,Strongly agree,Strongly agree,,Somewhat disagree,Neutral,Agree,Neutral,Somewhat agree,,Somewhat Agree,Agree,Agree,Strongly Agree,,Sometimes,Sometimes,Rarely,Rarely,Somewhat Agree,Agree,Agree
2015-02-02 11:39:18,2015-02-02 11:43:36,IP Address,137.132.228.32,,258,True,2015-02-02 11:43:39,R_2xSjFcnOk60s3mb,,,,,1.2931060791016,103.85580444336,,EN,Male,24,Chinese,Buddhism,A'levels,Not working,Disagree,Disagree,Somewhat agree,Neutral,Agree,Strongly disagree,We should accept gays,Disagree,Neutral,Disagree,Disagree,Neutral,,Neither Agree nor Disagree,Neither Agree nor Disagree,Neither Agree nor Disagree,Disagree,,Never,Never,Never,Never,Somewhat Agree,Somewhat Agree,Somewhat Agree
2015-02-02 12:04:02,2015-02-02 12:07:02,IP Address,219.75.5.23,,179,True,2015-02-02 12:07:03,R_2aeHlhud9bwGMDC,,,,,1.2931060791016,103.85580444336,,EN,Male,24,Chinese,None,A'levels,Not working,Somewhat agree,Disagree,Somewhat disagree,Neutral,Neutral,Somewhat agree,,Disagree,Somewhat agree,Disagree,Somewhat agree,Somewhat agree,,Disagree,Disagree,Disagree,Disagree,,Never,Never,Never,Rarely,Agree,Somewhat Agree,Somewhat Agree
2015-02-02 13:04:43,2015-02-02 13:15:07,IP Address,183.90.37.170,,624,True,2015-02-02 13:15:09,R_1q4YIx2NITqwWnp,,,,,1.2931060791016,103.85580444336,,EN,Female,22,Chinese,Buddhism,Degree,Not working,Agree,Agree,Somewhat agree,Agree,Somewhat agree,Agree,"Policymakers should no longer treat homosexuality an an alternative lifestyle or life choice - they need to acknowledge that it could be an inborn trait for some (and hence recognise that it would be unfair to penalise these people for something they never had control over). There are valid reasons as to why anti-homosexuality laws are still in place (think prevailing social norms and moral fibre of society) but these laws have to, and must change in the future.",Disagree,Agree,Disagree,Somewhat disagree,Somewhat disagree,Nil,Somewhat Disagree,Somewhat Agree,Disagree,Somewhat Disagree,Social media is tricky - I may not post what I feel strongly about on the Facebook platform.,Never,Rarely,Rarely,Rarely,Agree,Agree,Agree
2015-02-02 14:38:08,2015-02-02 14:48:01,IP Address,183.90.37.69,,592,True,2015-02-02 14:48:02,R_yrPO4YSqGdx1AfD,,,,,1.2931060791016,103.85580444336,,EN,Female,26,Chinese,None,Degree,Working (full-time),Agree,Strongly agree,Strongly agree,Strongly agree,Strongly agree,Strongly agree,None,Neutral,Somewhat disagree,Somewhat disagree,Somewhat agree,Neutral,"There have been strong civil society movements in Singapore fighting for LGBT rights which have taken off in recent years. This is reflective of the progressiveness and mood of the populace but the fact that discriminatory government policies are still in place indicates that general public sentiment is still somewhat conservative. However, I feel that this public sentiment will take a turn in the near future. ",Agree,Agree,Agree,Agree,"While I am pro-LGBT rights, I have not been an active advocate (i.e. actively keeping myself in the loop on LGBT rights and regularly posting articles or commentary). However, if I happen to see an article that I agree with or see a comment that I disagree with, I will voice out my opinions on those platforms. ",Sometimes,Rarely,Sometimes,Never,Neither Agree nor Disagree,Strongly Agree,Somewhat Agree
2015-02-02 15:11:53,2015-02-02 15:13:58,IP Address,137.132.38.229,,124,True,2015-02-02 15:13:58,R_vNQNQ21jBDl2AeJ,,,,,1.2931060791016,103.85580444336,,EN,Female,20,Chinese,Christianity,A'levels,Not working,Neutral,Strongly agree,Strongly agree,Somewhat agree,Strongly agree,Strongly agree,,Somewhat disagree,Neutral,Somewhat disagree,Neutral,Neutral,,Strongly Disagree,Strongly Disagree,Strongly Disagree,Strongly Disagree,,Never,Never,Never,Never,Somewhat Agree,Agree,Neither Agree nor Disagree
2015-02-02 15:14:17,2015-02-02 15:14:56,IP Address,42.60.164.131,,38,True,2015-02-02 15:14:57,R_1MZ2QtKDETHpwqR,,,,,1.2931060791016,103.85580444336,,EN,Female,19,Chinese,Buddhism,A'levels,Working (part-time),Disagree,Agree,Disagree,Somewhat disagree,Somewhat disagree,Somewhat disagree,,Agree,Agree,Neutral,Somewhat agree,Somewhat agree,,Disagree,Disagree,Disagree,Strongly Disagree,,All of the Time,Often,Often,Sometimes,Strongly Agree,Strongly Agree,Strongly Agree
2015-02-02 15:28:20,2015-02-02 15:33:47,IP Address,137.132.228.31,,327,True,2015-02-02 15:33:48,R_1Nk15JGBouysuEL,,,,,1.2931060791016,103.85580444336,,EN,Male,20,Others,None,A'levels,Not working,Agree,Agree,Agree,Agree,Agree,Agree,"Get the religious dogma out of the picture and we're 90% done with issues with accepting homosexuality ",Somewhat disagree,Neutral,Somewhat agree,Somewhat disagree,Somewhat agree,,Neither Agree nor Disagree,Agree,Neither Agree nor Disagree,Neither Agree nor Disagree,,Rarely,Rarely,Rarely,Never,Disagree,Agree,Agree
2015-02-02 15:10:47,2015-02-02 15:54:33,IP Address,119.56.119.38,,2626,True,2015-02-02 15:54:34,R_1GTEcs02UuFqMvS,,,,,1.2931060791016,103.85580444336,,EN,Female,21,Malay,Islam,A'levels,Not working,Somewhat disagree,Neutral,Strongly agree,Strongly disagree,Somewhat agree,Strongly agree,"Although homosexuality is a prevalent social issue that needs looking at, because of the media - social media in particular, the issue has exploded into huge proportions. As a result, homosexuality as an issue has been privileged over other equally/more pertinent social and world issues such as environmental crises and world hunger. It's disappointing to see people - particularly the young generation - passionately supporting homosexual rights but having little interest in other issues. ",Neutral,Somewhat agree,Somewhat agree,Neutral,Somewhat agree,"It's difficult to impose dominantly Western views towards and acceptance of homosexuality in not just Singaporean, but Eastern oriental cultures in general. There is a need to consider the tension between traditional Eastern and religious cultures and secular Western discourse. ",Disagree,Strongly Disagree,Disagree,Disagree,,Never,Never,Never,Never,Strongly Agree,Somewhat Agree,Disagree
2015-02-02 15:57:38,2015-02-02 16:00:00,IP Address,137.132.250.14,,141,True,2015-02-02 16:00:00,R_1n6hrxu140fuRij,,,,,1.2931060791016,103.85580444336,,EN,Female,19,Chinese,Buddhism,A'levels,Working (part-time),Somewhat disagree,Somewhat disagree,Somewhat disagree,Somewhat disagree,Somewhat disagree,Neutral,"
nil",Somewhat disagree,Somewhat disagree,Neutral,Somewhat agree,Somewhat agree,"may depend on age groups and their beliefs ",Strongly Disagree,Strongly Disagree,Strongly Disagree,Strongly Disagree,no,Never,Never,Never,Never,Somewhat Agree,Somewhat Agree,Neither Agree nor Disagree
2015-02-02 16:05:07,2015-02-02 16:10:47,IP Address,14.100.132.197,,339,True,2015-02-02 16:10:48,R_3iyVkjEgNLByhV0,,,,,1.2931060791016,103.85580444336,,EN,Male,23,Chinese,None,A'levels,Not working,Somewhat agree,Agree,Strongly agree,Somewhat agree,Somewhat agree,Agree,,Disagree,Somewhat agree,Disagree,Disagree,Somewhat disagree,,Somewhat Disagree,Somewhat Agree,Somewhat Agree,Somewhat Agree,,Never,Rarely,Never,Never,Somewhat Agree,Disagree,Strongly Agree
2015-02-02 17:29:26,2015-02-02 17:32:13,IP Address,137.132.84.37,,167,True,2015-02-02 17:32:14,R_1dyk99oAVlHNuF0,,,,,1.2931060791016,103.85580444336,,EN,Male,26,Chinese,None,Diploma,Not working,Strongly disagree,Strongly disagree,Somewhat disagree,Strongly disagree,Disagree,Strongly disagree,,Somewhat disagree,Somewhat disagree,Somewhat disagree,Somewhat disagree,Somewhat disagree,,Somewhat Disagree,Somewhat Disagree,Somewhat Disagree,Somewhat Disagree,,Never,Never,Never,Sometimes,Neither Agree nor Disagree,Neither Agree nor Disagree,Neither Agree nor Disagree
2015-02-02 17:50:31,2015-02-02 17:57:57,IP Address,61.91.45.78,,446,True,2015-02-02 17:57:58,R_vpIa3HdWiZ0Bq0x,,,,,13.753997802734,100.50140380859,,EN,Female,21,Chinese,Buddhism,A'levels,Not working,Somewhat agree,Neutral,Neutral,Strongly agree,Strongly agree,Strongly agree,-,Somewhat disagree,Somewhat disagree,Somewhat disagree,Somewhat disagree,Somewhat disagree,"It's mostly the older generation who come to mind, regarding the ""majority of Singaporeans"" in this section",Disagree,Disagree,Disagree,Disagree,I avoid posting anything related because I have friends on Facebook whose opinions swing both ways and I am peace-loving peace out yooo,Sometimes,Never,Sometimes,Sometimes,Agree,Neither Agree nor Disagree,Somewhat Agree
2015-02-02 18:42:19,2015-02-02 18:46:19,IP Address,101.127.28.91,,239,True,2015-02-02 18:46:20,R_2TSNQF6hHJyICNm,,,,,1.2931060791016,103.85580444336,,EN,Female,20,Chinese,None,A'levels,Not working,Neutral,Somewhat disagree,Neutral,Neutral,Somewhat agree,Somewhat agree,,Somewhat disagree,Somewhat disagree,Somewhat disagree,Somewhat agree,Somewhat agree,,Neither Agree nor Disagree,Strongly Disagree,Strongly Disagree,Strongly Disagree,,Never,Never,Never,Never,Somewhat Agree,Somewhat Agree,Somewhat Agree
2015-02-02 19:49:22,2015-02-02 19:50:20,IP Address,42.60.164.131,,58,True,2015-02-02 19:50:21,R_3CQp45spjgOIWsr,,,,,1.2931060791016,103.85580444336,,EN,Male,21,Malay,Islam,Diploma,Working (full-time),Disagree,Disagree,Somewhat agree,Disagree,Disagree,Strongly disagree,,Somewhat disagree,Somewhat agree,Somewhat disagree,Somewhat agree,Somewhat disagree,,Disagree,Disagree,Disagree,Disagree,,Rarely,Rarely,Rarely,Rarely,Strongly Agree,Strongly Agree,Strongly Agree
2015-02-02 20:55:17,2015-02-02 20:58:34,IP Address,121.123.157.114,,197,True,2015-02-02 20:58:35,R_2PvaYhu1IldrLm4,,,,,3.1455993652344,101.64498901367,,EN,Male,25,Others,Christianity,Masters,Not working,Strongly agree,Strongly agree,Strongly agree,Strongly agree,Strongly agree,Strongly agree,I think the Singaporean government should prove that the country is an actual modern country and depenalize homosexual relations.,Neutral,Disagree,Disagree,Strongly disagree,Neutral,,Strongly Disagree,Strongly Agree,Strongly Agree,Strongly Agree,,Often,Often,Often,Often,Agree,Neither Agree nor Disagree,Agree
2015-02-02 20:52:58,2015-02-02 20:58:40,IP Address,182.55.128.22,,341,True,2015-02-02 20:58:41,R_28SexV0qwSDljnm,,,,,1.2931060791016,103.85580444336,,EN,Male,25,Chinese,Christianity,Degree,Working (full-time),Somewhat disagree,Agree,Somewhat disagree,Somewhat disagree,Somewhat disagree,Strongly agree,,Somewhat disagree,Somewhat agree,Neutral,Somewhat disagree,Somewhat disagree,There is a loud minority (1/12) supporting. a quiet majority (1/4) with neutral views and a loud majority (1/4) against and the rest are indifferent.,Strongly Disagree,Strongly Disagree,Strongly Disagree,Strongly Disagree,I think it is a sensitive topic that can easily offend people and cause misunderstanding when done over FB. people supporting LGBT or people against LGBT can be offended either way. I feel these kinds of things is better done personally among people you trust and know you rather than to many people who don't know you well,Never,Rarely,Rarely,Never,Somewhat Agree,Disagree,Neither Agree nor Disagree
2015-02-02 22:01:45,2015-02-02 22:03:52,IP Address,116.87.241.158,,126,True,2015-02-02 22:03:53,R_3974g22OfBCHqI9,,,,,1.2931060791016,103.85580444336,,EN,Female,22,Chinese,Christianity,A'levels,Working (part-time),Disagree,Somewhat agree,Disagree,Strongly disagree,Disagree,Strongly agree,,Somewhat disagree,Somewhat agree,Somewhat disagree,Neutral,Neutral,,Disagree,Disagree,Disagree,Disagree,,Never,Never,Never,All of the Time,Somewhat Agree,Somewhat Agree,Somewhat Agree
2015-02-02 22:57:29,2015-02-02 23:14:28,IP Address,59.189.110.138,,1019,True,2015-02-02 23:14:28,R_6nAgsm643qOZ5Ln,,,,,1.2931060791016,103.85580444336,,,Female,22,Chinese,None,Degree,Not working,Somewhat agree,Somewhat agree,Agree,Agree,Agree,Strongly agree,"I want to clarify the part about family: my impression of my sibling (elder brother) would not change if he were homosexual but my impressions of my parents would if they were closeted/came out after so many years?? So many years of confusion, don't even start on difficulty to come to terms with it.......... ",Neutral,Neutral,Disagree,Disagree,Disagree,"Based on what I know, most families regardless of race/religion (or the lack of religion) are still very against homosexuality in their children. Some friends around me (of various races/religions) prefer the ""as long as they keep their activities to themselves"" rule of thumb when in comes to their level of acceptance of homosexuality",Disagree,Disagree,Disagree,Disagree,"I am not vocal about my opinions online so I would probably refrain from anything postings like this. Besides, I don't really use Facebook.",Never,Never,Never,Never,Somewhat Agree,Agree,Agree
2015-02-02 23:54:39,2015-02-02 23:58:47,IP Address,183.90.37.118,,247,True,2015-02-02 23:58:48,R_301uC0F6XGe98hi,,,,,1.2931060791016,103.85580444336,,EN,Male,23,Chinese,Christianity,A'levels,Not working,Disagree,Somewhat disagree,Somewhat agree,Neutral,Neutral,Agree,-,Disagree,Agree,Somewhat disagree,Somewhat disagree,Disagree,Different cohorts have different views but counting older generations most are conservative,Disagree,Somewhat Agree,Disagree,Disagree,Usually do not post much,Never,Rarely,Never,Rarely,Somewhat Agree,Disagree,Somewhat Agree
2015-02-03 00:16:41,2015-02-03 00:19:46,IP Address,58.182.176.160,,185,True,2015-02-03 00:19:46,R_6Kkv2fWtGFAdfKJ,,,,,1.2931060791016,103.85580444336,,,Female,21,Malay,Islam,Degree,Working (part-time),Agree,Agree,Agree,Somewhat agree,Somewhat agree,Agree,,Disagree,Agree,Disagree,Disagree,Disagree,,Disagree,Disagree,Disagree,Disagree,,Never,Never,Never,Never,Agree,Agree,Agree
2015-02-03 01:09:35,2015-02-03 01:12:52,IP Address,137.132.3.10,,196,True,2015-02-03 01:12:54,R_2uR0AMeYKQITalq,,,,,1.2931060791016,103.85580444336,,EN,Male,19,Chinese,Christianity,Others,Not working,Neutral,Strongly disagree,Somewhat agree,Strongly disagree,Disagree,Agree,,Neutral,Neutral,Neutral,Neutral,Neutral,,Disagree,Disagree,Disagree,Disagree,,Never,Never,Never,Rarely,Somewhat Agree,Agree,Agree
2015-02-03 00:56:32,2015-02-03 01:19:30,IP Address,14.100.132.17,,1377,True,2015-02-03 01:19:31,R_3oz1bKHpXEAAPMo,,,,,1.2931060791016,103.85580444336,,EN,Female,22,Chinese,Others,Degree,Not working,Somewhat disagree,Strongly agree,Neutral,Neutral,Somewhat agree,Agree,"Homosexuality may not be of natural occurrence, but a nurtured process.  ",Strongly disagree,Agree,Somewhat agree,Disagree,Disagree,"Families and close friends will eventually be accepting towards their families' or friends' homosexual orientation. However, in general, I believe that the community in Singapore is still rather conservative on the topic of homosexuality. ",Disagree,Disagree,Disagree,Disagree,"I hardly post open views on Facebook. ",Rarely,Never,Never,Rarely,Disagree,Strongly Agree,Neither Agree nor Disagree
2015-02-03 01:37:26,2015-02-03 01:42:49,IP Address,155.69.160.4,,322,True,2015-02-03 01:42:50,R_OjT96QRgp1UyMc9,,,,,1.36669921875,103.79998779297,,EN,Female,22,Chinese,None,A'levels,Not working,Somewhat agree,Somewhat agree,Agree,Somewhat agree,Agree,Agree,"I think it is still hard for singapore to fully accept homosexuality yet, but there might be a possibility that they will change their views on it in time to come",Neutral,Neutral,Neutral,Somewhat agree,Neutral,Nil,Somewhat Disagree,Somewhat Disagree,Somewhat Disagree,Somewhat Disagree,nil,Never,Never,Never,Rarely,Agree,Agree,Agree
2015-02-03 05:45:40,2015-02-03 05:48:24,IP Address,82.2.88.160,,163,True,2015-02-03 05:48:25,R_28TnAOhQLqIIIig,,,,,51.514205932617,-0.093093872070312,,EN,Male,24,Malay,Islam,Others,Working (full-time),Strongly agree,Strongly agree,Strongly agree,Strongly agree,Strongly agree,Strongly agree,,Somewhat disagree,Somewhat agree,Neutral,Neutral,Agree,,Agree,Somewhat Agree,Agree,Strongly Agree,,Often,Often,Often,Rarely,Disagree,Somewhat Agree,Strongly Agree
2015-02-03 07:26:18,2015-02-03 07:30:44,IP Address,203.117.37.62,,266,True,2015-02-03 07:30:45,R_sMeJDkOaVtcS3mN,,,,,1.2931060791016,103.85580444336,,EN,Female,24,Chinese,Christianity,Degree,Working (full-time),Strongly disagree,Strongly disagree,Disagree,Disagree,Strongly disagree,Agree,"I do not agree with homosexuality because that is without a doubt unnatural, nonetheless, I practise acceptance to the person involved. Our government's stand on not openly accepting homosexuality is required to uphold not only conservative traditions, but also safeguard values.",Strongly disagree,Agree,Somewhat agree,Neutral,Neutral,It is still a taboo subject and most people still feel uneasy.,Disagree,Strongly Disagree,Strongly Disagree,Strongly Disagree,Facebook is not the best platform for this.,Never,Never,Never,Rarely,Somewhat Agree,Somewhat Agree,Agree
2015-02-03 09:28:16,2015-02-03 09:30:54,IP Address,80.101.177.159,,157,True,2015-02-03 09:30:55,R_2Et64u69mAjIr9i,,,,,52.350006103516,4.9167022705078,,EN,Female,24,Others,Christianity,Masters,Not working,Agree,Strongly agree,Strongly agree,Somewhat agree,Somewhat agree,Strongly agree,,Somewhat disagree,Somewhat disagree,Somewhat agree,Somewhat agree,Somewhat agree,,Disagree,Disagree,Disagree,Disagree,,Never,Never,Never,Rarely,Somewhat Agree,Somewhat Agree,Somewhat Disagree
2015-02-03 10:23:59,2015-02-03 10:25:22,IP Address,137.132.228.32,,82,True,2015-02-03 10:25:23,R_1CI9PONiVm5LZ23,,,,,1.2931060791016,103.85580444336,,EN,Male,23,Malay,Islam,A'levels,Not working,Strongly agree,Strongly agree,Strongly agree,Agree,Strongly agree,Strongly agree,,Somewhat agree,Somewhat agree,Somewhat agree,Somewhat agree,Neutral,,Agree,Agree,Agree,Agree,,Often,Often,Often,Often,Agree,Agree,Agree
2015-02-03 10:25:13,2015-02-03 10:32:47,IP Address,137.132.44.13,,453,True,2015-02-03 10:32:49,R_2fAJsNqfYR2628s,,,,,1.2931060791016,103.85580444336,,EN,Female,21,Chinese,None,A'levels,Working (part-time),Agree,Agree,Agree,Agree,Agree,Agree,,Agree,Agree,Agree,Agree,Agree,,Agree,Agree,Agree,Agree,,Sometimes,Sometimes,Sometimes,Sometimes,Somewhat Agree,Somewhat Agree,Agree
2015-02-03 19:26:53,2015-02-03 19:29:54,IP Address,42.60.34.142,,181,True,2015-02-03 19:29:54,R_bOCwVc9nGSiPQb3,,,,,1.2931060791016,103.85580444336,,,Female,20,Chinese,Buddhism,A'levels,Not working,Agree,Somewhat agree,Agree,Disagree,Somewhat disagree,Agree,,Somewhat agree,Disagree,Agree,Disagree,Somewhat disagree,,Disagree,Strongly Disagree,Disagree,Strongly Disagree,,Never,Never,Never,Never,Somewhat Agree,Somewhat Agree,Agree
2015-02-04 00:40:24,2015-02-04 00:47:20,IP Address,220.255.79.211,,416,True,2015-02-04 00:47:22,R_2Ygs1Y0LPRxkQ2s,,,,,1.2931060791016,103.85580444336,,EN,Male,24,Chinese,None,A'levels,Not working,Somewhat agree,Somewhat agree,Strongly agree,Neutral,Somewhat agree,Strongly agree,"Seems like our government is once again the stalwart upholder of pragmatism - I feel all these events are meant to draw the LGBT people overseas to Singapore. This group of people tend to have more disposable income, and that works conveniently in our favour. Other than that, the policies seem contradictory at best. ",Neutral,Neutral,Somewhat disagree,Disagree,Somewhat agree,,Somewhat Agree,Somewhat Agree,Somewhat Agree,Somewhat Agree,,Never,Never,Never,Rarely,Neither Agree nor Disagree,Neither Agree nor Disagree,Agree
2015-02-04 09:28:32,2015-02-04 09:32:07,IP Address,14.100.135.54,,214,True,2015-02-04 09:32:08,R_3Ja5Js1nW7KiJYL,,,,,1.2931060791016,103.85580444336,,EN,Female,20,Chinese,Buddhism,A'levels,Not working,Neutral,Neutral,Somewhat agree,Somewhat agree,Somewhat agree,Somewhat agree,,Somewhat disagree,Neutral,Neutral,Somewhat disagree,Somewhat agree,,Disagree,Disagree,Disagree,Disagree,,Never,Never,Never,Never,Somewhat Agree,Somewhat Agree,Agree
2015-02-05 01:58:29,2015-02-05 02:01:10,IP Address,121.6.31.49,,161,True,2015-02-05 02:01:12,R_1N8oRePeYatCSod,,,,,1.2931060791016,103.85580444336,,EN,Female,20+,Chinese,None,Diploma,Working (part-time),Agree,Somewhat agree,Strongly agree,Agree,Strongly agree,Agree,,Disagree,Somewhat agree,Somewhat disagree,Strongly disagree,Somewhat disagree,,Disagree,Agree,Agree,Strongly Agree,,Sometimes,Sometimes,Sometimes,Rarely,Disagree,Somewhat Agree,Agree
2015-02-05 07:48:59,2015-02-05 07:51:54,IP Address,203.117.37.235,,175,True,2015-02-05 07:51:55,R_D97TLnqWzayGo6t,,,,,1.2931060791016,103.85580444336,,EN,Male,24,Chinese,None,A'levels,Working (part-time),Somewhat agree,Somewhat disagree,Somewhat agree,Neutral,Somewhat agree,Somewhat disagree,,Disagree,Neutral,Neutral,Neutral,Agree,,Somewhat Disagree,Somewhat Disagree,Somewhat Disagree,Disagree,,Never,Never,Never,Never,Strongly Agree,Somewhat Agree,Somewhat Agree
2015-02-02 12:51:20,2015-02-02 12:52:43,IP Address,137.132.18.5,,83,False,2015-02-09 12:53:12,R_BLgmkTPWin2Mr6x,,,,,,,,EN,,,,,,,,,,,,,,,,,,,,,,,,,,,,,,,
2015-02-02 19:55:23,2015-02-02 19:58:57,IP Address,183.90.37.132,,213,False,2015-02-09 19:59:10,R_2rN2GFq24QOKS0C,,,,,,,,EN,,,,,,,,,,,,,,,,,,,,,,,,,,,,,,,
