,Survey_Number,Survey_ID,Survey_Name,Var_Name,Var_Text,Data_Link
0,1,OLSAnimal1,Public Attitudes towards Animal Research 2016-1,ID,Respondent serial,http://bit.ly/2F7fNuv
1,1,OLSAnimal1,Public Attitudes towards Animal Research 2016-1,Q1,How well informed do you feel about the use of animals in scientific research in the UK?,http://bit.ly/2F7fNuv
2,1,OLSAnimal1,Public Attitudes towards Animal Research 2016-1,Q2a,Interested in finding out more about the ongoing work to find alternatives to using animals in research?,http://bit.ly/2F7fNuv
3,1,OLSAnimal1,Public Attitudes towards Animal Research 2016-1,Q2b,Interested in finding out more about the ongoing work to improve the welfare of animals in scientific research?,http://bit.ly/2F7fNuv
4,1,OLSAnimal1,Public Attitudes towards Animal Research 2016-1,Q3a,I can accept the use if animals in research as long as it is for medical research purposes and there is no alternative,http://bit.ly/2F7fNuv
5,1,OLSAnimal1,Public Attitudes towards Animal Research 2016-1,Q3b,There needs to be more work done into alternatives to using animals in scientific research,http://bit.ly/2F7fNuv
6,1,OLSAnimal1,Public Attitudes towards Animal Research 2016-1,Q3c,I can accept the use of animals in scientific research as long as there is no unnecessary suffering to the animals,http://bit.ly/2F7fNuv
7,1,OLSAnimal1,Public Attitudes towards Animal Research 2016-1,Q3d,Animals should not be used in any scientific research because of the importance I place on animal welfare,http://bit.ly/2F7fNuv
8,1,OLSAnimal1,Public Attitudes towards Animal Research 2016-1,Q3e,It does not bother me if animals are used in scientific research,http://bit.ly/2F7fNuv
9,1,OLSAnimal1,Public Attitudes towards Animal Research 2016-1,Q3f,The use of animals for medical research should only be conducted for life,http://bit.ly/2F7fNuv
10,1,OLSAnimal1,Public Attitudes towards Animal Research 2016-1,Q3g,The UK government should ban the use of animals for any form of research,http://bit.ly/2F7fNuv
11,1,OLSAnimal1,Public Attitudes towards Animal Research 2016-1,Q3h,"Acceptable to use animals in research to help our understanding of the human body, where there is no alternative",http://bit.ly/2F7fNuv
12,1,OLSAnimal1,Public Attitudes towards Animal Research 2016-1,Q3i,"Acceptable to use animals in research to help our understanding of animal health, where there is no alternative",http://bit.ly/2F7fNuv
13,1,OLSAnimal1,Public Attitudes towards Animal Research 2016-1,Q3j,Acceptable to use animals for all types of research where there is no  alternative,http://bit.ly/2F7fNuv
14,1,OLSAnimal1,Public Attitudes towards Animal Research 2016-1,Q3k,Acceptable to use animals in scientific research to test chemicals that could harm people,http://bit.ly/2F7fNuv
15,1,OLSAnimal1,Public Attitudes towards Animal Research 2016-1,Q3l,"Acceptable to use animals in scientific research to test chemicals that could harm pets, farm animals or wildlife",http://bit.ly/2F7fNuv
16,1,OLSAnimal1,Public Attitudes towards Animal Research 2016-1,Q3m,Acceptable to use animals in scientific research to test chemicals that could harm plants or the environment,http://bit.ly/2F7fNuv
17,1,OLSAnimal1,Public Attitudes towards Animal Research 2016-1,Q4_1,Which of these is true?: The use of animals for medical research purposes is important to human health,http://bit.ly/2F7fNuv
18,1,OLSAnimal1,Public Attitudes towards Animal Research 2016-1,Q4_2,Which of these is true?: Scientists could do more to reduce the suffering of animals used in scientific research,http://bit.ly/2F7fNuv
19,1,OLSAnimal1,Public Attitudes towards Animal Research 2016-1,Q4_3,Which of these is true?: Scientific research using animals is not always carried out to high standards,http://bit.ly/2F7fNuv
20,1,OLSAnimal1,Public Attitudes towards Animal Research 2016-1,Q4_4,Which of these is true?: Scientific research is carried out on animals only  when there is no alternative,http://bit.ly/2F7fNuv
21,1,OLSAnimal1,Public Attitudes towards Animal Research 2016-1,Q4_5,Which of these is true?: Researchers are working to find alternatives to using animals in scientific research,http://bit.ly/2F7fNuv
22,1,OLSAnimal1,Public Attitudes towards Animal Research 2016-1,Q4_6,Which of these is true?: Don,http://bit.ly/2F7fNuv
23,1,OLSAnimal1,Public Attitudes towards Animal Research 2016-1,Q4_7,Which of these is true?: None of these,http://bit.ly/2F7fNuv
24,1,OLSAnimal1,Public Attitudes towards Animal Research 2016-1,Q5a,I do not trust the regulatory system around the use of animals in scientific research,http://bit.ly/2F7fNuv
25,1,OLSAnimal1,Public Attitudes towards Animal Research 2016-1,Q5b,I trust scientists not to cause unnecessary suffering to the animals used in scientific research ,http://bit.ly/2F7fNuv
26,1,OLSAnimal1,Public Attitudes towards Animal Research 2016-1,Q5c,I feel that unnecessary duplication of scientific research involving animals MIGHT go on,http://bit.ly/2F7fNuv
27,1,OLSAnimal1,Public Attitudes towards Animal Research 2016-1,Q5d,Scientific research involving animals sometimes goes on without an official licence,http://bit.ly/2F7fNuv
28,1,OLSAnimal1,Public Attitudes towards Animal Research 2016-1,Q5e,The UK has strict rules on the use of animals in scientific research,http://bit.ly/2F7fNuv
29,1,OLSAnimal1,Public Attitudes towards Animal Research 2016-1,Q5f,The rules in the UK on scientific research involving animals are well enforced,http://bit.ly/2F7fNuv
30,1,OLSAnimal1,Public Attitudes towards Animal Research 2016-1,Q5g,I trust the regulators to uncover any misconduct at animal research facilities,http://bit.ly/2F7fNuv
31,1,OLSAnimal1,Public Attitudes towards Animal Research 2016-1,Q6a_1,Which are acceptable things for an APO to do?: Ask people to put a sticker ,http://bit.ly/2F7fNuv
32,1,OLSAnimal1,Public Attitudes towards Animal Research 2016-1,Q6a_2,Which are acceptable things for an APO to do?: Destroy ,http://bit.ly/2F7fNuv
33,1,OLSAnimal1,Public Attitudes towards Animal Research 2016-1,Q6a_3,Which are acceptable things for an APO to do?: Release animals illegally,http://bit.ly/2F7fNuv
34,1,OLSAnimal1,Public Attitudes towards Animal Research 2016-1,Q6a_4,Which are acceptable things for an APO to do?: Hand out leaflets,http://bit.ly/2F7fNuv
35,1,OLSAnimal1,Public Attitudes towards Animal Research 2016-1,Q6a_5,Which are acceptable things for an APO to do?: Occupy research facilities illegally,http://bit.ly/2F7fNuv
36,1,OLSAnimal1,Public Attitudes towards Animal Research 2016-1,Q6a_6,Which are acceptable things for an APO to do?: None,http://bit.ly/2F7fNuv
37,1,OLSAnimal1,Public Attitudes towards Animal Research 2016-1,Q6a_7,Which are acceptable things for an APO to do?: Don,http://bit.ly/2F7fNuv
38,1,OLSAnimal1,Public Attitudes towards Animal Research 2016-1,Q6a_8,Which are acceptable things for an APO to do?: Respondent refused,http://bit.ly/2F7fNuv
39,1,OLSAnimal1,Public Attitudes towards Animal Research 2016-1,Q6a_9,Which are acceptable things for an APO to do?: Respondent said depends on legality,http://bit.ly/2F7fNuv
40,1,OLSAnimal1,Public Attitudes towards Animal Research 2016-1,Q6b_1,Which is acceptable for an APO to do?: Demonstration outside research laboratories,http://bit.ly/2F7fNuv
41,1,OLSAnimal1,Public Attitudes towards Animal Research 2016-1,Q6b_2,Which is acceptable for an APO to do?: Demonstration outside homes of people who work in animal research,http://bit.ly/2F7fNuv
42,1,OLSAnimal1,Public Attitudes towards Animal Research 2016-1,Q6b_3,Which is acceptable for an APO to do?: Demonstration outside companies which transport research animals,http://bit.ly/2F7fNuv
43,1,OLSAnimal1,Public Attitudes towards Animal Research 2016-1,Q6b_4,Which is acceptable for an APO to do?: Demonstration outside companies which supply services to animal research,http://bit.ly/2F7fNuv
44,1,OLSAnimal1,Public Attitudes towards Animal Research 2016-1,Q6b_5,Which is acceptable for an APO to do?: None of these,http://bit.ly/2F7fNuv
45,1,OLSAnimal1,Public Attitudes towards Animal Research 2016-1,Q6b_6,Which is acceptable for an APO to do?: Don,http://bit.ly/2F7fNuv
46,1,OLSAnimal1,Public Attitudes towards Animal Research 2016-1,Q6b_7,Which is acceptable for an APO to do?: Respondent refused,http://bit.ly/2F7fNuv
47,1,OLSAnimal1,Public Attitudes towards Animal Research 2016-1,Q6b_8,Which is acceptable for an APO to do?: Respondent said depends on legality,http://bit.ly/2F7fNuv
48,1,OLSAnimal1,Public Attitudes towards Animal Research 2016-1,Q6c_1,Which is acceptable for an APO to do?: Organise petitions,http://bit.ly/2F7fNuv
49,1,OLSAnimal1,Public Attitudes towards Animal Research 2016-1,Q6c_2,Which is acceptable for an APO to do?: Send hate mail or abusive messages to those involved in animal research,http://bit.ly/2F7fNuv
50,1,OLSAnimal1,Public Attitudes towards Animal Research 2016-1,Q6c_3,Which is acceptable for an APO to do?: Set up road blocks illegally,http://bit.ly/2F7fNuv
51,1,OLSAnimal1,Public Attitudes towards Animal Research 2016-1,Q6c_4,Which is acceptable for an APO to do?: Physical violence against those who carry out scientific research on animals,http://bit.ly/2F7fNuv
52,1,OLSAnimal1,Public Attitudes towards Animal Research 2016-1,Q6c_5,Which is acceptable for an APO to do?: Carry out serious crime ,http://bit.ly/2F7fNuv
53,1,OLSAnimal1,Public Attitudes towards Animal Research 2016-1,Q6c_6,Which is acceptable for an APO to do?: Organise an ONLINE campaign against people involved in animal research,http://bit.ly/2F7fNuv
54,1,OLSAnimal1,Public Attitudes towards Animal Research 2016-1,Q6c_7,Which is acceptable for an APO to do?: Publicise without permission the identity of people carrying out research,http://bit.ly/2F7fNuv
55,1,OLSAnimal1,Public Attitudes towards Animal Research 2016-1,Q6c_8,Which is acceptable for an APO to do?: Secretly film the activities in animal research facilities,http://bit.ly/2F7fNuv
56,1,OLSAnimal1,Public Attitudes towards Animal Research 2016-1,Q6c_9,Which is acceptable for an APO to do?: Verbally harass people who carry out research on animals,http://bit.ly/2F7fNuv
57,1,OLSAnimal1,Public Attitudes towards Animal Research 2016-1,Q6c_10,Which is acceptable for an APO to do?: Write letters to newspapers,http://bit.ly/2F7fNuv
58,1,OLSAnimal1,Public Attitudes towards Animal Research 2016-1,Q6c_11,Which is acceptable for an APO to do?: Misrepresent or spin information to support their cause,http://bit.ly/2F7fNuv
59,1,OLSAnimal1,Public Attitudes towards Animal Research 2016-1,Q6c_12,Which is acceptable for an APO to do?: None of these,http://bit.ly/2F7fNuv
60,1,OLSAnimal1,Public Attitudes towards Animal Research 2016-1,Q6c_13,Which is acceptable for an APO to do?: Don,http://bit.ly/2F7fNuv
61,1,OLSAnimal1,Public Attitudes towards Animal Research 2016-1,Q6c_14,Which is acceptable for an APO to do?: Respondent refused,http://bit.ly/2F7fNuv
62,1,OLSAnimal1,Public Attitudes towards Animal Research 2016-1,Q6c_15,Which is acceptable for an APO to do?: Respondent said depends on legality,http://bit.ly/2F7fNuv
63,1,OLSAnimal1,Public Attitudes towards Animal Research 2016-1,Q7_1,Sources of balanced information about use of: Universities,http://bit.ly/2F7fNuv
64,1,OLSAnimal1,Public Attitudes towards Animal Research 2016-1,Q7_2,Sources of balanced information about use of: Animal protection organisations,http://bit.ly/2F7fNuv
65,1,OLSAnimal1,Public Attitudes towards Animal Research 2016-1,Q7_3,Sources of balanced information about use of: Organisations that support the use of animals in research,http://bit.ly/2F7fNuv
66,1,OLSAnimal1,Public Attitudes towards Animal Research 2016-1,Q7_4,Sources of balanced information about use of: Businesses which carry out the research with animals,http://bit.ly/2F7fNuv
67,1,OLSAnimal1,Public Attitudes towards Animal Research 2016-1,Q7_5,Sources of balanced information about use of: Businesses which sell products developed from the research,http://bit.ly/2F7fNuv
68,1,OLSAnimal1,Public Attitudes towards Animal Research 2016-1,Q7_6,Sources of balanced information about use of: Politicians ,http://bit.ly/2F7fNuv
69,1,OLSAnimal1,Public Attitudes towards Animal Research 2016-1,Q7_7,Sources of balanced information about use of: Government research institutes,http://bit.ly/2F7fNuv
70,1,OLSAnimal1,Public Attitudes towards Animal Research 2016-1,Q7_8,Sources of balanced information about use of: Non,http://bit.ly/2F7fNuv
71,1,OLSAnimal1,Public Attitudes towards Animal Research 2016-1,Q7_9,Sources of balanced information about use of: Environmental organisations,http://bit.ly/2F7fNuv
72,1,OLSAnimal1,Public Attitudes towards Animal Research 2016-1,Q7_10,Sources of balanced information about use of: The NHS,http://bit.ly/2F7fNuv
73,1,OLSAnimal1,Public Attitudes towards Animal Research 2016-1,Q7_11,Sources of balanced information about use of: People with a knowledge of the subject,http://bit.ly/2F7fNuv
74,1,OLSAnimal1,Public Attitudes towards Animal Research 2016-1,Q7_12,Sources of balanced information about use of: Farming organisations,http://bit.ly/2F7fNuv
75,1,OLSAnimal1,Public Attitudes towards Animal Research 2016-1,Q7_13,Sources of balanced information about use of: Medical research charities,http://bit.ly/2F7fNuv
76,1,OLSAnimal1,Public Attitudes towards Animal Research 2016-1,Q7_14,Sources of balanced information about use of: Patient groups,http://bit.ly/2F7fNuv
77,1,OLSAnimal1,Public Attitudes towards Animal Research 2016-1,Q7_15,Sources of balanced information about use of: The media ,http://bit.ly/2F7fNuv
78,1,OLSAnimal1,Public Attitudes towards Animal Research 2016-1,Q7_16,Sources of balanced information about use of: Would check on line ,http://bit.ly/2F7fNuv
79,1,OLSAnimal1,Public Attitudes towards Animal Research 2016-1,Q7_17,Sources of balanced information about use of: Vets who look after the animals used in research,http://bit.ly/2F7fNuv
80,1,OLSAnimal1,Public Attitudes towards Animal Research 2016-1,Q7_18,Sources of balanced information about use of: Other,http://bit.ly/2F7fNuv
81,1,OLSAnimal1,Public Attitudes towards Animal Research 2016-1,Q7_19,Sources of balanced information about use of: None of these,http://bit.ly/2F7fNuv
82,2,OLSAnimal2,Public Attitudes towards Animal Research 2016-2,Q7_20,Sources of balanced information about use of: Don,http://bit.ly/2F7fNuv
83,2,OLSAnimal2,Public Attitudes towards Animal Research 2016-2,Q8_1,Receive information about use of animals in research?: Billboards ,http://bit.ly/2F7fNuv
84,2,OLSAnimal2,Public Attitudes towards Animal Research 2016-2,Q8_2,Receive information about use of animals in research?: General interest magazines,http://bit.ly/2F7fNuv
85,2,OLSAnimal2,Public Attitudes towards Animal Research 2016-2,Q8_3,Receive information about use of animals in research?: Specialist magazines ,http://bit.ly/2F7fNuv
86,2,OLSAnimal2,Public Attitudes towards Animal Research 2016-2,Q8_4,Receive information about use of animals in research?: Local newspapers,http://bit.ly/2F7fNuv
87,2,OLSAnimal2,Public Attitudes towards Animal Research 2016-2,Q8_5,Receive information about use of animals in research?: National newspapers,http://bit.ly/2F7fNuv
88,2,OLSAnimal2,Public Attitudes towards Animal Research 2016-2,Q8_6,Receive information about use of animals in research?: Websites,http://bit.ly/2F7fNuv
89,2,OLSAnimal2,Public Attitudes towards Animal Research 2016-2,Q8_7,Receive information about use of animals in research?: Local radio,http://bit.ly/2F7fNuv
90,2,OLSAnimal2,Public Attitudes towards Animal Research 2016-2,Q8_8,Receive information about use of animals in research?: National radio,http://bit.ly/2F7fNuv
91,2,OLSAnimal2,Public Attitudes towards Animal Research 2016-2,Q8_9,Receive information about use of animals in research?: School ,http://bit.ly/2F7fNuv
92,2,OLSAnimal2,Public Attitudes towards Animal Research 2016-2,Q8_10,Receive information about use of animals in research?: Social media,http://bit.ly/2F7fNuv
93,2,OLSAnimal2,Public Attitudes towards Animal Research 2016-2,Q8_11,Receive information about use of animals in research?: Meetings ,http://bit.ly/2F7fNuv
94,2,OLSAnimal2,Public Attitudes towards Animal Research 2016-2,Q8_12,Receive information about use of animals in research?: Telephone information line,http://bit.ly/2F7fNuv
95,2,OLSAnimal2,Public Attitudes towards Animal Research 2016-2,Q8_13,Receive information about use of animals in research?: Television,http://bit.ly/2F7fNuv
96,2,OLSAnimal2,Public Attitudes towards Animal Research 2016-2,Q8_14,Receive information about use of animals in research?: Do not want more information,http://bit.ly/2F7fNuv
97,2,OLSAnimal2,Public Attitudes towards Animal Research 2016-2,Q8_15,Receive information about use of animals in research?: Mail ,http://bit.ly/2F7fNuv
98,2,OLSAnimal2,Public Attitudes towards Animal Research 2016-2,Q8_16,Receive information about use of animals in research?: Email,http://bit.ly/2F7fNuv
99,2,OLSAnimal2,Public Attitudes towards Animal Research 2016-2,Q8_17,Receive information about use of animals in research?: Other,http://bit.ly/2F7fNuv
100,2,OLSAnimal2,Public Attitudes towards Animal Research 2016-2,Q8_18,Receive information about use of animals in research?: None of these,http://bit.ly/2F7fNuv
101,2,OLSAnimal2,Public Attitudes towards Animal Research 2016-2,Q8_19,Receive information about use of animals in research?: Don,http://bit.ly/2F7fNuv
102,2,OLSAnimal2,Public Attitudes towards Animal Research 2016-2,Q9a,How much do you know about the UK Government,http://bit.ly/2F7fNuv
103,2,OLSAnimal2,Public Attitudes towards Animal Research 2016-2,Q9b,How much do you know about the UK Government,http://bit.ly/2F7fNuv
104,2,OLSAnimal2,Public Attitudes towards Animal Research 2016-2,Q9c,How much do you know about the UK Government,http://bit.ly/2F7fNuv
105,2,OLSAnimal2,Public Attitudes towards Animal Research 2016-2,Q10,Did you or did you not know that there is a UK national scientific centre called NC3Rs?,http://bit.ly/2F7fNuv
106,2,OLSAnimal2,Public Attitudes towards Animal Research 2016-2,Q11a_1,Are researchers allowed to use animals for: Research to advance our understanding of the human body,http://bit.ly/2F7fNuv
107,2,OLSAnimal2,Public Attitudes towards Animal Research 2016-2,Q11a_2,Are researchers allowed to use animals for: Trying to develop new treatments for specific diseases,http://bit.ly/2F7fNuv
108,2,OLSAnimal2,Public Attitudes towards Animal Research 2016-2,Q11a_3,Are researchers allowed to use animals for: Research to advance our  understanding of animal health,http://bit.ly/2F7fNuv
109,2,OLSAnimal2,Public Attitudes towards Animal Research 2016-2,Q11a_4,Are researchers allowed to use animals for: Testing cosmetics ,http://bit.ly/2F7fNuv
110,2,OLSAnimal2,Public Attitudes towards Animal Research 2016-2,Q11a_5,Are researchers allowed to use animals for: Developing new methods of medical diagnosis,http://bit.ly/2F7fNuv
111,2,OLSAnimal2,Public Attitudes towards Animal Research 2016-2,Q11a_6,Are researchers allowed to use animals for: Safety testing of the ingredients of home cleaning products,http://bit.ly/2F7fNuv
112,2,OLSAnimal2,Public Attitudes towards Animal Research 2016-2,Q11a_7,Are researchers allowed to use animals for: Safety testing of chemicals used in industry or farming,http://bit.ly/2F7fNuv
113,2,OLSAnimal2,Public Attitudes towards Animal Research 2016-2,Q11a_8,Are researchers allowed to use animals for: None of these,http://bit.ly/2F7fNuv
114,2,OLSAnimal2,Public Attitudes towards Animal Research 2016-2,Q11a_9,Are researchers allowed to use animals for: Don,http://bit.ly/2F7fNuv
115,2,OLSAnimal2,Public Attitudes towards Animal Research 2016-2,Q11b_1,Should researchers be allowed to use animals for: Research to advance our understanding of the human body,http://bit.ly/2F7fNuv
116,2,OLSAnimal2,Public Attitudes towards Animal Research 2016-2,Q11b_2,Should researchers be allowed to use animals for: Trying to develop new treatments for specific diseases,http://bit.ly/2F7fNuv
117,2,OLSAnimal2,Public Attitudes towards Animal Research 2016-2,Q11b_3,Should researchers be allowed to use animals for: Research to advance our  understanding of animal health,http://bit.ly/2F7fNuv
118,2,OLSAnimal2,Public Attitudes towards Animal Research 2016-2,Q11b_4,Should researchers be allowed to use animals for: Testing cosmetics ,http://bit.ly/2F7fNuv
119,2,OLSAnimal2,Public Attitudes towards Animal Research 2016-2,Q11b_5,Should researchers be allowed to use animals for: Developing new methods of medical diagnosis,http://bit.ly/2F7fNuv
120,2,OLSAnimal2,Public Attitudes towards Animal Research 2016-2,Q11b_6,Should researchers be allowed to use animals for: Safety testing of the ingredients of home cleaning products,http://bit.ly/2F7fNuv
121,2,OLSAnimal2,Public Attitudes towards Animal Research 2016-2,Q11b_7,Should researchers be allowed to use animals for: Safety testing of chemicals used in industry or farming,http://bit.ly/2F7fNuv
122,2,OLSAnimal2,Public Attitudes towards Animal Research 2016-2,Q11b_8,Should researchers be allowed to use animals for: None of these,http://bit.ly/2F7fNuv
123,2,OLSAnimal2,Public Attitudes towards Animal Research 2016-2,Q11b_9,Should researchers be allowed to use animals for: Don,http://bit.ly/2F7fNuv
124,2,OLSAnimal2,Public Attitudes towards Animal Research 2016-2,Q12a_1,Animals acceptable to use for Medical research: Fish,http://bit.ly/2F7fNuv
125,2,OLSAnimal2,Public Attitudes towards Animal Research 2016-2,Q12a_2,"Animals acceptable to use for Medical research: Amphibians e.g. frogs, toads, newts",http://bit.ly/2F7fNuv
126,2,OLSAnimal2,Public Attitudes towards Animal Research 2016-2,Q12a_3,Animals acceptable to use for Medical research: Birds,http://bit.ly/2F7fNuv
127,2,OLSAnimal2,Public Attitudes towards Animal Research 2016-2,Q12a_4,Animals acceptable to use for Medical research: Mice,http://bit.ly/2F7fNuv
128,2,OLSAnimal2,Public Attitudes towards Animal Research 2016-2,Q12a_5,Animals acceptable to use for Medical research: Rats,http://bit.ly/2F7fNuv
129,2,OLSAnimal2,Public Attitudes towards Animal Research 2016-2,Q12a_6,Animals acceptable to use for Medical research: Cats,http://bit.ly/2F7fNuv
130,2,OLSAnimal2,Public Attitudes towards Animal Research 2016-2,Q12a_7,Animals acceptable to use for Medical research: Dogs,http://bit.ly/2F7fNuv
131,2,OLSAnimal2,Public Attitudes towards Animal Research 2016-2,Q12a_8,Animals acceptable to use for Medical research: Pigs,http://bit.ly/2F7fNuv
132,2,OLSAnimal2,Public Attitudes towards Animal Research 2016-2,Q12a_9,Animals acceptable to use for Medical research: Small  monkeys such as marmosets,http://bit.ly/2F7fNuv
133,2,OLSAnimal2,Public Attitudes towards Animal Research 2016-2,Q12a_10,Animals acceptable to use for Medical research: Large monkeys such as macaques,http://bit.ly/2F7fNuv
134,2,OLSAnimal2,Public Attitudes towards Animal Research 2016-2,Q12a_11,Animals acceptable to use for Medical research: Great apes e.g. chimpanzees and gorillas,http://bit.ly/2F7fNuv
135,2,OLSAnimal2,Public Attitudes towards Animal Research 2016-2,Q12a_12,"Animals acceptable to use for Medical research: Small mammals e.g. rabbits, ferrets",http://bit.ly/2F7fNuv
136,2,OLSAnimal2,Public Attitudes towards Animal Research 2016-2,Q12a_13,"Animals acceptable to use for Medical research: Larger mammals e.g. sheep, cows",http://bit.ly/2F7fNuv
137,2,OLSAnimal2,Public Attitudes towards Animal Research 2016-2,Q12a_14,Animals acceptable to use for Medical research: Insects,http://bit.ly/2F7fNuv
138,2,OLSAnimal2,Public Attitudes towards Animal Research 2016-2,Q12a_15,Animals acceptable to use for Medical research: Depends on the reasearch,http://bit.ly/2F7fNuv
139,2,OLSAnimal2,Public Attitudes towards Animal Research 2016-2,Q12a_16,Animals acceptable to use for Medical research: Any ,http://bit.ly/2F7fNuv
140,2,OLSAnimal2,Public Attitudes towards Animal Research 2016-2,Q12a_17,Animals acceptable to use for Medical research: Snakes ,http://bit.ly/2F7fNuv
141,2,OLSAnimal2,Public Attitudes towards Animal Research 2016-2,Q12a_18,Animals acceptable to use for Medical research: Depends on the animal,http://bit.ly/2F7fNuv
142,2,OLSAnimal2,Public Attitudes towards Animal Research 2016-2,Q12a_19,Animals acceptable to use for Medical research: Humans,http://bit.ly/2F7fNuv
143,2,OLSAnimal2,Public Attitudes towards Animal Research 2016-2,Q12a_20,Animals acceptable to use for Medical research: Animals from their own species,http://bit.ly/2F7fNuv
144,2,OLSAnimal2,Public Attitudes towards Animal Research 2016-2,Q12a_21,Animals acceptable to use for Medical research: Other,http://bit.ly/2F7fNuv
145,2,OLSAnimal2,Public Attitudes towards Animal Research 2016-2,Q12a_22,Animals acceptable to use for Medical research: None of these,http://bit.ly/2F7fNuv
146,2,OLSAnimal2,Public Attitudes towards Animal Research 2016-2,Q12a_23,Animals acceptable to use for Medical research: Don,http://bit.ly/2F7fNuv
147,2,OLSAnimal2,Public Attitudes towards Animal Research 2016-2,Q12b_1,Animals acceptable to use for Research into: Fish,http://bit.ly/2F7fNuv
148,2,OLSAnimal2,Public Attitudes towards Animal Research 2016-2,Q12b_2,"Animals acceptable to use for Research into: Amphibians e.g. frogs, toads, newts",http://bit.ly/2F7fNuv
149,2,OLSAnimal2,Public Attitudes towards Animal Research 2016-2,Q12b_3,Animals acceptable to use for Research into: Birds,http://bit.ly/2F7fNuv
150,2,OLSAnimal2,Public Attitudes towards Animal Research 2016-2,Q12b_4,Animals acceptable to use for Research into: Mice,http://bit.ly/2F7fNuv
151,2,OLSAnimal2,Public Attitudes towards Animal Research 2016-2,Q12b_5,Animals acceptable to use for Research into: Rats,http://bit.ly/2F7fNuv
152,2,OLSAnimal2,Public Attitudes towards Animal Research 2016-2,Q12b_6,Animals acceptable to use for Research into: Cats,http://bit.ly/2F7fNuv
153,2,OLSAnimal2,Public Attitudes towards Animal Research 2016-2,Q12b_7,Animals acceptable to use for Research into: Dogs,http://bit.ly/2F7fNuv
154,2,OLSAnimal2,Public Attitudes towards Animal Research 2016-2,Q12b_8,Animals acceptable to use for Research into: Pigs,http://bit.ly/2F7fNuv
155,2,OLSAnimal2,Public Attitudes towards Animal Research 2016-2,Q12b_9,Animals acceptable to use for Research into: Small  monkeys such as marmosets,http://bit.ly/2F7fNuv
156,2,OLSAnimal2,Public Attitudes towards Animal Research 2016-2,Q12b_10,Animals acceptable to use for Research into: Large monkeys such as macaques,http://bit.ly/2F7fNuv
157,2,OLSAnimal2,Public Attitudes towards Animal Research 2016-2,Q12b_11,Animals acceptable to use for Research into: Great apes e.g. chimpanzees and gorillas,http://bit.ly/2F7fNuv
158,2,OLSAnimal2,Public Attitudes towards Animal Research 2016-2,Q12b_12,"Animals acceptable to use for Research into: Small mammals e.g. rabbits, ferrets",http://bit.ly/2F7fNuv
159,2,OLSAnimal2,Public Attitudes towards Animal Research 2016-2,Q12b_13,"Animals acceptable to use for Research into: Larger mammals e.g. sheep, cows",http://bit.ly/2F7fNuv
160,2,OLSAnimal2,Public Attitudes towards Animal Research 2016-2,Q12b_14,Animals acceptable to use for Research into: Insects,http://bit.ly/2F7fNuv
161,2,OLSAnimal2,Public Attitudes towards Animal Research 2016-2,Q12b_15,Animals acceptable to use for Research into: Depends on the reasearch,http://bit.ly/2F7fNuv
162,2,OLSAnimal2,Public Attitudes towards Animal Research 2016-2,Q12b_16,Animals acceptable to use for Research into: Any ,http://bit.ly/2F7fNuv
163,2,OLSAnimal2,Public Attitudes towards Animal Research 2016-2,Q12b_17,Animals acceptable to use for Research into: Snakes ,http://bit.ly/2F7fNuv
164,2,OLSAnimal2,Public Attitudes towards Animal Research 2016-2,Q12b_18,Animals acceptable to use for Research into: Depends on the animal,http://bit.ly/2F7fNuv
165,3,OLSAnimal3,Public Attitudes towards Animal Research 2016-3,Q12b_19,Animals acceptable to use for Research into: Humans,http://bit.ly/2F7fNuv
166,3,OLSAnimal3,Public Attitudes towards Animal Research 2016-3,Q12b_20,Animals acceptable to use for Research into: Animals from their own species,http://bit.ly/2F7fNuv
167,3,OLSAnimal3,Public Attitudes towards Animal Research 2016-3,Q12b_21,Animals acceptable to use for Research into: Other,http://bit.ly/2F7fNuv
168,3,OLSAnimal3,Public Attitudes towards Animal Research 2016-3,Q12b_22,Animals acceptable to use for Research into: None of these,http://bit.ly/2F7fNuv
169,3,OLSAnimal3,Public Attitudes towards Animal Research 2016-3,Q12b_23,Animals acceptable to use for Research into: Don,http://bit.ly/2F7fNuv
170,3,OLSAnimal3,Public Attitudes towards Animal Research 2016-3,Q12c_1,Animals acceptable to use for Environmental: Fish,http://bit.ly/2F7fNuv
171,3,OLSAnimal3,Public Attitudes towards Animal Research 2016-3,Q12c_2,"Animals acceptable to use for Environmental: Amphibians e.g. frogs, toads, newts",http://bit.ly/2F7fNuv
172,3,OLSAnimal3,Public Attitudes towards Animal Research 2016-3,Q12c_3,Animals acceptable to use for Environmental: Birds,http://bit.ly/2F7fNuv
173,3,OLSAnimal3,Public Attitudes towards Animal Research 2016-3,Q12c_4,Animals acceptable to use for Environmental: Mice,http://bit.ly/2F7fNuv
174,3,OLSAnimal3,Public Attitudes towards Animal Research 2016-3,Q12c_5,Animals acceptable to use for Environmental: Rats,http://bit.ly/2F7fNuv
175,3,OLSAnimal3,Public Attitudes towards Animal Research 2016-3,Q12c_6,Animals acceptable to use for Environmental: Cats,http://bit.ly/2F7fNuv
176,3,OLSAnimal3,Public Attitudes towards Animal Research 2016-3,Q12c_7,Animals acceptable to use for Environmental: Dogs,http://bit.ly/2F7fNuv
177,3,OLSAnimal3,Public Attitudes towards Animal Research 2016-3,Q12c_8,Animals acceptable to use for Environmental: Pigs,http://bit.ly/2F7fNuv
178,3,OLSAnimal3,Public Attitudes towards Animal Research 2016-3,Q12c_9,Animals acceptable to use for Environmental: Small  monkeys such as marmosets,http://bit.ly/2F7fNuv
179,3,OLSAnimal3,Public Attitudes towards Animal Research 2016-3,Q12c_10,Animals acceptable to use for Environmental: Large monkeys such as macaques,http://bit.ly/2F7fNuv
180,3,OLSAnimal3,Public Attitudes towards Animal Research 2016-3,Q12c_11,Animals acceptable to use for Environmental: Great apes e.g. chimpanzees and gorillas,http://bit.ly/2F7fNuv
181,3,OLSAnimal3,Public Attitudes towards Animal Research 2016-3,Q12c_12,"Animals acceptable to use for Environmental: Small mammals e.g. rabbits, ferrets",http://bit.ly/2F7fNuv
182,3,OLSAnimal3,Public Attitudes towards Animal Research 2016-3,Q12c_13,"Animals acceptable to use for Environmental: Larger mammals e.g. sheep, cows",http://bit.ly/2F7fNuv
183,3,OLSAnimal3,Public Attitudes towards Animal Research 2016-3,Q12c_14,Animals acceptable to use for Environmental: Insects,http://bit.ly/2F7fNuv
184,3,OLSAnimal3,Public Attitudes towards Animal Research 2016-3,Q12c_15,Animals acceptable to use for Environmental: Depends on the reasearch,http://bit.ly/2F7fNuv
185,3,OLSAnimal3,Public Attitudes towards Animal Research 2016-3,Q12c_16,Animals acceptable to use for Environmental: Any ,http://bit.ly/2F7fNuv
186,3,OLSAnimal3,Public Attitudes towards Animal Research 2016-3,Q12c_17,Animals acceptable to use for Environmental: Snakes ,http://bit.ly/2F7fNuv
187,3,OLSAnimal3,Public Attitudes towards Animal Research 2016-3,Q12c_18,Animals acceptable to use for Environmental: Depends on the animal,http://bit.ly/2F7fNuv
188,3,OLSAnimal3,Public Attitudes towards Animal Research 2016-3,Q12c_19,Animals acceptable to use for Environmental: Humans,http://bit.ly/2F7fNuv
189,3,OLSAnimal3,Public Attitudes towards Animal Research 2016-3,Q12c_20,Animals acceptable to use for Environmental: Animals from their own species,http://bit.ly/2F7fNuv
190,3,OLSAnimal3,Public Attitudes towards Animal Research 2016-3,Q12c_21,Animals acceptable to use for Environmental: Other,http://bit.ly/2F7fNuv
191,3,OLSAnimal3,Public Attitudes towards Animal Research 2016-3,Q12c_22,Animals acceptable to use for Environmental: None of these,http://bit.ly/2F7fNuv
192,3,OLSAnimal3,Public Attitudes towards Animal Research 2016-3,Q12c_23,Animals acceptable to use for Environmental: Don,http://bit.ly/2F7fNuv
193,3,OLSAnimal3,Public Attitudes towards Animal Research 2016-3,Q13_1,Your view of organisations that use animals for research: They are secretive,http://bit.ly/2F7fNuv
194,3,OLSAnimal3,Public Attitudes towards Animal Research 2016-3,Q13_2,Your view of organisations that use animals for research: They are well regulated,http://bit.ly/2F7fNuv
195,3,OLSAnimal3,Public Attitudes towards Animal Research 2016-3,Q13_3,Your view of organisations that use animals for research: They have poor animal welfare standards,http://bit.ly/2F7fNuv
196,3,OLSAnimal3,Public Attitudes towards Animal Research 2016-3,Q13_4,Your view of organisations that use animals for research: They carry out work essential for human health,http://bit.ly/2F7fNuv
197,3,OLSAnimal3,Public Attitudes towards Animal Research 2016-3,Q13_5,Your view of organisations that use animals for research: They stick to  good animal welfare standards,http://bit.ly/2F7fNuv
198,3,OLSAnimal3,Public Attitudes towards Animal Research 2016-3,Q13_6,Your view of organisations that use animals for research: They are open about their work,http://bit.ly/2F7fNuv
199,3,OLSAnimal3,Public Attitudes towards Animal Research 2016-3,Q13_7,Your view of organisations that use animals for research: They are dishonest about the results of their  work,http://bit.ly/2F7fNuv
200,3,OLSAnimal3,Public Attitudes towards Animal Research 2016-3,Q13_8,Your view of organisations that use animals for research: Any positive,http://bit.ly/2F7fNuv
201,3,OLSAnimal3,Public Attitudes towards Animal Research 2016-3,Q13_9,Your view of organisations that use animals for research: Any negative,http://bit.ly/2F7fNuv
202,3,OLSAnimal3,Public Attitudes towards Animal Research 2016-3,Q13_10,Your view of organisations that use animals for research: Only positive,http://bit.ly/2F7fNuv
203,3,OLSAnimal3,Public Attitudes towards Animal Research 2016-3,Q13_11,Your view of organisations that use animals for research: Only negative,http://bit.ly/2F7fNuv
204,3,OLSAnimal3,Public Attitudes towards Animal Research 2016-3,Q13_12,Your view of organisations that use animals for research: Don,http://bit.ly/2F7fNuv
205,3,OLSAnimal3,Public Attitudes towards Animal Research 2016-3,Q13_13,Your view of organisations that use animals for research: None of these,http://bit.ly/2F7fNuv
206,3,OLSAnimal3,Public Attitudes towards Animal Research 2016-3,Q14_1,Past 12 months seen or heard animal research in the UK?: Animal welfare ,http://bit.ly/2F7fNuv
207,3,OLSAnimal3,Public Attitudes towards Animal Research 2016-3,Q14_2,Past 12 months seen or heard animal research in the UK?: Animals being used for cosmetics research,http://bit.ly/2F7fNuv
208,3,OLSAnimal3,Public Attitudes towards Animal Research 2016-3,Q14_3,Past 12 months seen or heard animal research in the UK?: Animals being used for research,http://bit.ly/2F7fNuv
209,3,OLSAnimal3,Public Attitudes towards Animal Research 2016-3,Q14_4,Past 12 months seen or heard animal research in the UK?: Mentions of specific animals,http://bit.ly/2F7fNuv
210,3,OLSAnimal3,Public Attitudes towards Animal Research 2016-3,Q14_5,Past 12 months seen or heard animal research in the UK?: Charity,http://bit.ly/2F7fNuv
211,3,OLSAnimal3,Public Attitudes towards Animal Research 2016-3,Q14_6,Past 12 months seen or heard animal research in the UK?: Cancer treatment drug trials ,http://bit.ly/2F7fNuv
212,3,OLSAnimal3,Public Attitudes towards Animal Research 2016-3,Q14_7,Past 12 months seen or heard animal research in the UK?: Friends ,http://bit.ly/2F7fNuv
213,3,OLSAnimal3,Public Attitudes towards Animal Research 2016-3,Q14_8,Past 12 months seen or heard animal research in the UK?: Internet ,http://bit.ly/2F7fNuv
214,3,OLSAnimal3,Public Attitudes towards Animal Research 2016-3,Q14_9,Past 12 months seen or heard animal research in the UK?: Newspaper ,http://bit.ly/2F7fNuv
215,3,OLSAnimal3,Public Attitudes towards Animal Research 2016-3,Q14_10,Past 12 months seen or heard animal research in the UK?: News ,http://bit.ly/2F7fNuv
216,3,OLSAnimal3,Public Attitudes towards Animal Research 2016-3,Q14_11,Past 12 months seen or heard animal research in the UK?: On TV,http://bit.ly/2F7fNuv
217,3,OLSAnimal3,Public Attitudes towards Animal Research 2016-3,Q14_12,Past 12 months seen or heard animal research in the UK?: On social media ,http://bit.ly/2F7fNuv
218,3,OLSAnimal3,Public Attitudes towards Animal Research 2016-3,Q14_13,Past 12 months seen or heard animal research in the UK?: Protests,http://bit.ly/2F7fNuv
219,3,OLSAnimal3,Public Attitudes towards Animal Research 2016-3,Q14_14,Past 12 months seen or heard animal research in the UK?: Radio,http://bit.ly/2F7fNuv
220,3,OLSAnimal3,Public Attitudes towards Animal Research 2016-3,Q14_15,Past 12 months seen or heard animal research in the UK?: TV advert,http://bit.ly/2F7fNuv
221,3,OLSAnimal3,Public Attitudes towards Animal Research 2016-3,Q14_16,Past 12 months seen or heard animal research in the UK?: TV programme ,http://bit.ly/2F7fNuv
222,3,OLSAnimal3,Public Attitudes towards Animal Research 2016-3,Q14_17,Past 12 months seen or heard animal research in the UK?: Through work,http://bit.ly/2F7fNuv
223,3,OLSAnimal3,Public Attitudes towards Animal Research 2016-3,Q14_18,Past 12 months seen or heard animal research in the UK?: Through school ,http://bit.ly/2F7fNuv
224,3,OLSAnimal3,Public Attitudes towards Animal Research 2016-3,Q14_19,Past 12 months seen or heard animal research in the UK?: No ,http://bit.ly/2F7fNuv
225,3,OLSAnimal3,Public Attitudes towards Animal Research 2016-3,Q14_20,Past 12 months seen or heard animal research in the UK?: No answer,http://bit.ly/2F7fNuv
226,3,OLSAnimal3,Public Attitudes towards Animal Research 2016-3,Q14_21,Past 12 months seen or heard animal research in the UK?: Don,http://bit.ly/2F7fNuv
227,3,OLSAnimal3,Public Attitudes towards Animal Research 2016-3,Q14_22,Past 12 months seen or heard animal research in the UK?: Other,http://bit.ly/2F7fNuv
228,3,OLSAnimal3,Public Attitudes towards Animal Research 2016-3,AgeB2,Respondent age bracket,http://bit.ly/2F7fNuv
229,3,OLSAnimal3,Public Attitudes towards Animal Research 2016-3,sgrade,Respondent social grade,http://bit.ly/2F7fNuv
230,3,OLSAnimal3,Public Attitudes towards Animal Research 2016-3,Soc,Respondent social grade,http://bit.ly/2F7fNuv
231,3,OLSAnimal3,Public Attitudes towards Animal Research 2016-3,Soc2,Respondent social grade,http://bit.ly/2F7fNuv
232,3,OLSAnimal3,Public Attitudes towards Animal Research 2016-3,gor,Respondent Government Office Region,http://bit.ly/2F7fNuv
233,3,OLSAnimal3,Public Attitudes towards Animal Research 2016-3,sex,Respondent gender,http://bit.ly/2F7fNuv
234,3,OLSAnimal3,Public Attitudes towards Animal Research 2016-3,Eth,Respondent ethnic origin,http://bit.ly/2F7fNuv
235,3,OLSAnimal3,Public Attitudes towards Animal Research 2016-3,Reg,Respondent GB region,http://bit.ly/2F7fNuv
236,3,OLSAnimal3,Public Attitudes towards Animal Research 2016-3,gen,Respondent generation,http://bit.ly/2F7fNuv
237,3,OLSAnimal3,Public Attitudes towards Animal Research 2016-3,tenure,Respondent tenure,http://bit.ly/2F7fNuv
238,3,OLSAnimal3,Public Attitudes towards Animal Research 2016-3,Empstat,Respondent working status,http://bit.ly/2F7fNuv
239,3,OLSAnimal3,Public Attitudes towards Animal Research 2016-3,qual,Respondent highest educational level,http://bit.ly/2F7fNuv
240,3,OLSAnimal3,Public Attitudes towards Animal Research 2016-3,marstat,Respondent marital status,http://bit.ly/2F7fNuv
241,3,OLSAnimal3,Public Attitudes towards Animal Research 2016-3,access,Respondent internet access,http://bit.ly/2F7fNuv
242,3,OLSAnimal3,Public Attitudes towards Animal Research 2016-3,Income,Respondent income bracket,http://bit.ly/2F7fNuv
243,3,OLSAnimal3,Public Attitudes towards Animal Research 2016-3,Broadsheet,Respondent regularly reads a daily Broadsheet paper,http://bit.ly/2F7fNuv
244,3,OLSAnimal3,Public Attitudes towards Animal Research 2016-3,MidMarket,Respondent regularly reads a daily Mid,http://bit.ly/2F7fNuv
245,3,OLSAnimal3,Public Attitudes towards Animal Research 2016-3,Tabloid,Respondent regularly reads a daily Tabloid paper,http://bit.ly/2F7fNuv
246,3,OLSAnimal3,Public Attitudes towards Animal Research 2016-3,NoPpr,Respondent does not regularly read a daily paper,http://bit.ly/2F7fNuv
247,3,OLSAnimal3,Public Attitudes towards Animal Research 2016-3,weight,Weighting factor,http://bit.ly/2F7fNuv
